phase	00 bootstrap: resolve the interpreter and install deps	0.045	
phase	10 static: every artifact parses, and the strictness decisions hold	0.013	
check	no tracked file carries a merge-conflict marker	0.022	
phase	static: every artifact parses	0.050	
cpu	lint/drift-allowlist  (every content line starts one entry)	0.016	
cpu	.github/workflows/ci.yml  (yaml.safe_load)	0.045	
cpu	.github/workflows/image.reusable.yml  (yaml.safe_load)	0.050	
cpu	.github/workflows/ci.reusable.yml  (yaml.safe_load)	0.078	
cpu	lint/rubocop.yml  (yaml.safe_load)	0.041	
cpu	lint/hadolint.yaml  (yaml.safe_load)	0.042	
cpu	lint/golangci.yml  (yaml.safe_load)	0.042	
cpu	lint/eslint.config.mjs  (node --check)	0.077	
cpu	templates/bin-prime/bun.sh  (bash -n)	0.011	
cpu	templates/bin-prime/elixir.sh  (bash -n)	0.011	
cpu	templates/bin-prime/go.sh  (bash -n)	0.010	
cpu	lint/yamllint.yml  (yaml.safe_load)	0.041	
cpu	templates/bin-prime/rust.sh  (bash -n)	0.010	
cpu	templates/bin-prime/node.sh  (bash -n)	0.011	
cpu	templates/bin-prime/python.sh  (bash -n)	0.011	
cpu	templates/bin-prime/ruby.sh  (bash -n)	0.009	
cpu	templates/compose/postgres/initdb/10-cluster.sh  (bash -n)	0.010	
cpu	templates/kamal/drill.sh  (bash -n)	0.011	
cpu	templates/compose/otel-collector.yml  (yaml.safe_load)	0.059	
cpu	templates/compose/docker-compose.yml  (yaml.safe_load)	0.058	
verdict	templates/database/tenancy/isolation.sql  (SQL; parsed by tests/tenancy_test.sh against a real Postgres)	0.007	
cpu	templates/database/tenancy/assertions.txt  (every entry is an assertion name)	0.015	
verdict	templates/database/tenancy/README.md  (markdown; the presence check is its check)	0.007	
cpu	templates/database/contract.json  (json.loads)	0.031	
verdict	templates/database/tenancy/substrate.sql  (SQL; parsed by tests/tenancy_test.sh against a real Postgres)	0.007	
verdict	templates/tier/bun/tier.test.ts  (node --check cannot read TypeScript; needs a type-stripping parser)	0.007	
cpu	templates/bin/dev.sh  (bash -n)	0.010	
cpu	templates/bin/deploy.sh  (bash -n)	0.011	
verdict	templates/tier/node/tier.test.ts  (node --check cannot read TypeScript; needs a type-stripping parser)	0.007	
cpu	templates/tier/ruby/tier.rb  (ruby -c)	0.037	
cpu	templates/tier/python/tier_db_test.py  (compile)	0.054	
cpu	templates/tier/python/conftest.py  (compile)	0.055	
cpu	templates/tier/elixir/tier.ex  (Code.string_to_quoted!)	0.213	
cpu	tests/classify_test.sh  (bash -n)	0.010	
cpu	tests/bootstrap.sh  (bash -n)	0.011	
cpu	tests/canary_test.sh  (bash -n)	0.010	
cpu	templates/tier/rust/tier.rs  (rustc --test)	0.829	
cpu	tests/gitleaks_gate.sh  (bash -n)	0.013	
cpu	tests/fetch_test.sh  (bash -n)	0.014	
cpu	tests/deploy_test.sh  (bash -n)	0.017	
cpu	tests/isolation_test.sh  (bash -n)	0.015	
cpu	tests/kamal_test.sh  (bash -n)	0.016	
cpu	tests/no_telemetry_in_readiness.sh  (bash -n)	0.012	
cpu	tests/lint_test.sh  (bash -n)	0.014	
cpu	tests/multi_tenant_split_test.sh  (bash -n)	0.017	
cpu	tests/stack_live_test.sh  (bash -n)	0.012	
cpu	tests/tenancy_test.sh  (bash -n)	0.012	
cpu	tests/self_test.sh  (bash -n)	0.021	
cpu	tests/staleness_test.sh  (bash -n)	0.015	
cpu	tests/zizmor_gate.sh  (bash -n)	0.012	
cpu	tests/validate.sh  (bash -n)	0.018	
phase	static: handed-out scripts are executable	1.905	
phase	static: shellcheck -S warning	0.008	
cpu	templates/bin-prime/go.sh  (shellcheck -S warning)	0.040	
cpu	templates/bin-prime/elixir.sh  (shellcheck -S warning)	0.040	
cpu	templates/bin-prime/bun.sh  (shellcheck -S warning)	0.040	
cpu	templates/bin-prime/node.sh  (shellcheck -S warning)	0.042	
cpu	templates/bin-prime/ruby.sh  (shellcheck -S warning)	0.041	
cpu	templates/bin-prime/rust.sh  (shellcheck -S warning)	0.040	
cpu	templates/bin-prime/python.sh  (shellcheck -S warning)	0.052	
cpu	templates/kamal/drill.sh  (shellcheck -S warning)	0.113	
cpu	tests/bootstrap.sh  (shellcheck -S warning)	0.154	
cpu	templates/bin/deploy.sh  (shellcheck -S warning)	0.307	
cpu	templates/bin/dev.sh  (shellcheck -S warning)	0.299	
cpu	tests/canary_test.sh  (shellcheck -S warning)	0.143	
cpu	tests/classify_test.sh  (shellcheck -S warning)	0.130	
cpu	tests/gitleaks_gate.sh  (shellcheck -S warning)	0.042	
cpu	tests/fetch_test.sh  (shellcheck -S warning)	0.154	
cpu	tests/isolation_test.sh  (shellcheck -S warning)	0.140	
cpu	tests/deploy_test.sh  (shellcheck -S warning)	0.461	
cpu	tests/multi_tenant_split_test.sh  (shellcheck -S warning)	0.103	
cpu	tests/no_telemetry_in_readiness.sh  (shellcheck -S warning)	0.102	
cpu	tests/lint_test.sh  (shellcheck -S warning)	0.143	
cpu	tests/kamal_test.sh  (shellcheck -S warning)	0.150	
cpu	tests/tenancy_test.sh  (shellcheck -S warning)	0.190	
cpu	tests/stack_live_test.sh  (shellcheck -S warning)	0.202	
cpu	tests/staleness_test.sh  (shellcheck -S warning)	0.264	
cpu	tests/self_test.sh  (shellcheck -S warning)	0.802	
cpu	tests/zizmor_gate.sh  (shellcheck -S warning)	0.040	
cpu	tests/validate.sh  (shellcheck -S warning)	1.223	
phase	static: templates/otel — every artifact is present	3.286	
check	templates/otel/rust/traceparent.rs  (carries its own suite)	0.010	
phase	static: templates/database/tenancy — every artifact is present	0.175	
check	templates/database/tenancy/  (4 shared artifacts + 6 per-language drivers)	0.033	
phase	static: templates/kamal — every artifact is present	0.042	
check	templates/kamal/  (4 artifacts present, the set is whole)	0.033	
check	the superseded custom backup toolchain  (it must be gone — kamal-backup is the standard)	0.007	
check	kamal_test — 24 case(s), every one against the real binaries.	4.122	
check	templates/otel/*/*.snippet  (installable, versioned, not vendored)	0.030	
phase	static: the canary harness parses in Go	4.235	
check	templates/secrets/go/canary_test.go  (gofmt parses)	0.036	
check	templates/secrets/go/canary.go  (gofmt parses)	0.029	
check	templates/secrets/go/print_shape_test.go  (gofmt parses)	0.030	
check	templates/secrets/go/sweep.go  (gofmt parses)	0.029	
check	templates/secrets/go/typecover_test.go  (gofmt parses)	0.030	
check	templates/secrets/go/typecover.go  (gofmt parses)	0.031	
check	templates/secrets/go/internal/leaky/creds.go  (gofmt parses)	0.029	
check	templates/secrets/go/internal/safe/creds.go  (gofmt parses)	0.030	
phase	static: every otel snippet parses in its own language	0.409	
check	otel/go/otelhttp.go.snippet  (parses as .go)	0.046	
check	otel/ruby/rack_middleware.rb.snippet  (parses as .rb)	0.036	
check	otel/python/fastapi.py.snippet  (parses as .py)	0.069	
check	otel/elixir/phoenix_telemetry.ex.snippet  (parses as .ex)	0.429	
check	otel/rust/otel_client.rs.snippet  (parses; crates unresolved, as expected)	0.091	
check	otel/node/hono.ts.snippet  (parses as .ts)	0.078	
phase	static: templates declare no third-party dependency	0.801	
check	templates/otel/go/go.mod  (no require)	0.011	
check	templates/secrets/go/go.mod  (no require)	0.011	
check	templates/otel/node/package.json  (not needed: node:test + stdlib)	0.007	
phase	static: every Dockerfile is hadolint clean	0.075	
check	docker/Dockerfile.bun  (hadolint)	0.142	
check	docker/Dockerfile.elixir  (hadolint)	0.069	
check	docker/Dockerfile.go  (hadolint)	0.046	
check	docker/Dockerfile.node  (hadolint)	0.045	
check	docker/Dockerfile.python  (hadolint)	0.056	
check	docker/Dockerfile.ruby  (hadolint)	0.058	
check	docker/Dockerfile.rust  (hadolint)	0.056	
check	templates/compose/postgres/Dockerfile  (hadolint)	0.032	
phase	static: every Dockerfile runs non-root on a pinned base	0.580	
check	docker/Dockerfile.*  (non-root final stage, no :latest, no ADD)	0.039	
phase	static: each Dockerfile documents its own non-root guarantee	0.062	
check	docker/Dockerfile.*  (STRICTNESS NOTES state the non-root stage)	0.028	
phase	static: every language ships all four artifacts	0.050	
check	go  (Dockerfile + bin/prime present)	0.098	
check	ruby  (Dockerfile + bin/prime present)	0.027	
check	elixir  (Dockerfile + bin/prime present)	0.027	
check	python  (Dockerfile + bin/prime present)	0.027	
check	node  (Dockerfile + bin/prime present)	0.027	
check	bun  (Dockerfile + bin/prime present)	0.027	
check	rust  (Dockerfile + bin/prime present)	0.027	
check	templates/mise.toml  (a [tools] pin per language)	0.076	
phase	static: compose — the observability chokepoint	0.417	
check	templates/compose/otel-collector.yml  (redaction first, env endpoints, no URL)	0.057	
check	otel-collector allowlist  (derived from core schemas/telemetry)	0.079	
check	otel-collector signals  (exceptions as logs, not span events)	0.058	
check	otel-collector degradation  (no queue, no retry, limiter first, health_check)	0.057	
check	templates/compose/docker-compose.yml  (pinned, healthy, parameterized)	0.056	
check	docker-compose.yml  (four AGPL backends, unmodified, pinned, bounded)	0.055	
check	docker-compose.yml  (host ports all in the 15000-15999 block, no reuse)	0.057	
check	compose + bin/dev  (telemetry is never in a readiness path)	0.056	
check	templates/otel/*/*.snippet  (cafaye endpoint, on by default, free no-op)	0.035	
check	grafana provisioning  (3 datasources, dashboards, alerting — all files)	0.045	
check	grafana dashboards  (status is the predicate, error.type is a drill-down)	0.031	
check	grafana panels  (every query names the backend that can answer it)	0.049	
check	otel-collector env  (every ${env:} reaches the container)	0.075	
check	templates/compose/.env.example  (every placeholder documented, no tenant named)	0.029	
check	templates/database/*  (the contract, in the generated output, per language)	0.031	
check	templates/database/tenancy/*  (the account boundary, in the templates that enforce it)	0.032	
check	DECISIONS.md  (exists, records trades, and every reference resolves)	0.065	
check	bin/dev  (every command the documentation promises is one the script dispatches)	0.054	
check	postgres tag  (.env.example and compose agree, and it is not alpine)	0.030	
check	the cluster  (one database + role per service, wired end to end)	0.029	
check	kit harnesses  (every .env-writing harness declares its own tenant)	0.053	
check	the connection budget  (max_connections covers the declared topology)	0.030	
phase	static: every database snippet parses in its own language	1.435	
check	database/go/database.go.snippet  (parses as .go)	0.045	
check	database/python/database.py.snippet  (parses as .py)	0.067	
check	database/ruby/database.yml.snippet  (parses as .yml)	0.041	
check	database/elixir/repo.exs.snippet  (loads; stdlib only, as intended)	0.280	
check	database/rust/database.rs.snippet  (parses; crates unresolved, as expected)	0.078	
check	database/node/database.ts.snippet  (parses as .ts)	0.081	
check	templates/bin/dev.sh  (KIT_DEV_PROFILES= escape hatch actually runs)	0.321	
phase	static: the fleet adopts the stack rather than copying it	0.985	
check	fleet  (no stale copy, no weakened boundary, no dead config, every ref pinned)	0.147	
check	templates/compose/ + bin/dev  (every vendor config mounts from the fetched tree)	0.031	
check	templates/bin/dev.sh + .env.example  (the pin is kit.ref, and the gate reads the same file)	0.028	
phase	static: the core fan-out standard	0.250	
check	core/vendir/ + core/renovate/  (structurally what Renovate and vendir need)	0.045	
phase	static: no adopting repository carries a D12/D13 workaround	0.071	
check	adopting repositories  (no workaround for a fixed core defect)	0.233	
phase	static: every YAML in the tree is yamllint clean	0.265	
cpu	.github/workflows/ci.yml  (yamllint -c lint/yamllint.yml)	0.094	
cpu	.github/zizmor.yml  (yamllint -c lint/yamllint.yml)	0.092	
cpu	.github/workflows/image.reusable.yml  (yamllint -c lint/yamllint.yml)	0.106	
cpu	.github/workflows/ci.reusable.yml  (yamllint -c lint/yamllint.yml)	0.169	
cpu	lint/hadolint.yaml  (yamllint -c lint/yamllint.yml)	0.082	
cpu	lint/rubocop.yml  (yamllint -c lint/yamllint.yml)	0.086	
cpu	lint/golangci.yml  (yamllint -c lint/yamllint.yml)	0.087	
cpu	core/release/release.yml  (yamllint -c lint/yamllint.yml)	0.089	
cpu	lint/yamllint.yml  (yamllint -c lint/yamllint.yml)	0.080	
cpu	templates/compose/grafana/provisioning/dashboards/dashboards.yml  (yamllint -c lint/yamllint.yml)	0.081	
cpu	templates/compose/grafana/provisioning/alerting/rules.yml  (yamllint -c lint/yamllint.yml)	0.095	
cpu	templates/compose/docker-compose.yml  (yamllint -c lint/yamllint.yml)	0.126	
cpu	templates/compose/grafana/provisioning/datasources/datasources.yml  (yamllint -c lint/yamllint.yml)	0.084	
cpu	templates/compose/mimir/mimir.yaml  (yamllint -c lint/yamllint.yml)	0.087	
cpu	templates/compose/loki/loki-config.yaml  (yamllint -c lint/yamllint.yml)	0.088	
cpu	templates/compose/otel-collector.yml  (yamllint -c lint/yamllint.yml)	0.127	
cpu	templates/compose/tempo/tempo.yaml  (yamllint -c lint/yamllint.yml)	0.084	
cpu	templates/deploy/compose.deploy.yml  (yamllint -c lint/yamllint.yml)	0.087	
cpu	templates/deploy/reference/courier.deploy.yml  (yamllint -c lint/yamllint.yml)	0.086	
check	core/vendir/vendir.yml.template  (yamllint -c lint/yamllint.yml, under a non-.yml name)	0.073	
check	core/vendir/vendir.yml.muse  (yamllint -c lint/yamllint.yml, under a non-.yml name)	0.071	
check	core/vendir/vendir.yml.pantry  (yamllint -c lint/yamllint.yml, under a non-.yml name)	0.070	
check	core/vendir/vendir.yml.caf  (yamllint -c lint/yamllint.yml, under a non-.yml name)	0.078	
check	.github/workflows/ci.reusable.yml  (opt-in telemetry job, defaults intact)	0.074	
phase	static: every language declares a tier, and says how it is collected	1.204	
check	templates/tier/<lang>/  (a declared tier, and a README row naming the collector)	0.075	
check	.github/workflows/ci.reusable.yml  (required-tier is declared, demanded by every language job, and identical)	0.072	
phase	static: lint runs from kit, not from a copy	0.187	
check	lint/ + the workflow  (every lint step is a gate on kit config)	0.079	
check	the seam  (narrow, guarded before the linter, and wired to it)	0.072	
check	lint drift  (a service config is compared to kit, not merely forbidden)	0.092	
check	templates/tier/skip-allowlist  (reason, owner, since, until; unused entries fail)	0.029	
check	templates/parity-allowlist  (reason, owner, since, until; dead entries fail)	0.031	
check	tests/artifacts.json  (every declared source exists, for every language)	0.104	
check	tests/classify.py + tests/staleness.py  (stdlib only; the carve-out, enforced)	0.046	
check	.github/workflows/*  (no test report is ever cached)	0.030	
check	.github/workflows/ci.reusable.yml  (secrets job: not advisory, full history, not opt-in)	0.072	
check	README.md  (documents every new template)	0.030	
check	LICENSE  (MIT, and nothing in the tree can disagree with it)	0.030	
check	README.md  (its documented callers match the workflow inputs)	0.082	
check	reusable workflows  (callable: exists, on: workflow_call, docs agree)	0.168	
check	reusable workflows  (workflow_call inputs use only documented keys)	0.074	
phase	static: secrets — the scanner is present, configured, and can fail	1.200	
check	.gitleaks.toml  (allowlist only, every entry reasoned)	0.029	
check	no .gitleaksignore  (the allowlist is the committed config)	0.029	
check	tests/gitleaks_gate.sh  (finds a real secret, never prints it, reads history)	1.158	
check	.github/workflows/*  (no dangerous trigger, on parsed keys)	0.079	
check	.github/zizmor.yml  (unpinned-uses recorded, never baselined)	0.038	
check	.github/zizmor.yml  (every ignore entry carries a reason)	0.028	
check	gitleaks  (8.30.1, full history, --redact)	0.797	
phase	static: the canary harness — contract, adapter, and every artifact	2.271	
check	templates/secrets  (contract names all five vectors, states its limits)	0.031	
check	the canary  (never committed as a literal, anywhere)	0.042	
check	the canary  (unmistakably fake: prefixed, low-entropy, self-describing)	0.028	
check	the canary suite  (never prints the value it planted)	0.979	
phase	20 telemetry: the six traceparent suites, executed	1.156	
check	templates/otel/go/*.go  (gofmt clean)	0.039	
check	templates/tier/go/*.go  (gofmt clean)	0.029	
phase	telemetry: W3C traceparent propagation, executed	0.085	
check	templates/otel/go  (go test suite)	0.905	
check	templates/otel/ruby  (ruby test suite)	0.124	
check	templates/otel/elixir  (elixir test suite)	0.490	
check	templates/otel/python  (python3 test suite)	0.087	
check	templates/otel/node  (node test suite)	0.158	
check	templates/otel/rust  (rustc test suite)	0.787	
phase	telemetry: runtime credential-leak canary, executed	2.813	
check	templates/secrets/go/*.go  (gofmt clean)	0.045	
check	templates/secrets/go  (five vectors, each with a red proof)	0.526	
phase	30 observability: the claims worth nothing unexercised	0.604	
phase	observability: the redaction boundary, against a real collector	0.009	
tier	tests/canary_test.sh  (a canary secret reaches no exporter)	18.584	
tier	tests/no_telemetry_in_readiness.sh  (collector killed, service still serves)	64.059	
tier	tests/stack_live_test.sh  (the fetched stack runs; a trace and a metric land)	44.197	
tier	tests/isolation_test.sh  (service A cannot reach service B's database)	32.265	
tier	tests/tenancy_test.sh  (no identity, another tenant and its own tenant — as the login role AND as the owner; and the same proof with FORCE removed goes red)	1.854	
phase	40 classifier + staleness + fetch + tenancy, executed	161.150	
check	tests/classify_test.sh  (19 cases, incl. the fail-closed property)	1.876	
phase	fetch: the pinned kit ref resolves, and a moving one is refused	1.915	
check	tests/fetch_test.sh  (a pin fetches, a branch is refused, offline is real)	6.772	
phase	tenancy: how one shared cluster is split into per-service databases	6.805	
check	tests/multi_tenant_split_test.sh  (a second tenant is split, not fused; identifiers hold in every locale)	4.664	
phase	staleness: the fleet reporter tells the states apart	4.694	
check	tests/staleness_test.sh  (26 cases, incl. the red proof and the absent case)	9.464	
phase	50 lint: the four linters, run against fixtures that must fail them	9.494	
phase	lint: kit configs, executed against fixtures that must fail them	0.018	
check	tests/lint_test.sh  (every linter runs, and its control disagrees)	17.075	
phase	60 self_test: n whole gates, one per breakage	17.115	
phase	self_test: this gate is able to fail	0.008	
check	tests/self_test.sh  (every documented breakage has a recipe, and vice versa)	0.035	
phase	00 bootstrap: resolve the interpreter and install deps	0.039	self_test unbroken tree
phase	10 static: every artifact parses, and the strictness decisions hold	0.015	self_test unbroken tree
check	no tracked file carries a merge-conflict marker	0.016	self_test unbroken tree
phase	static: every artifact parses	0.046	self_test unbroken tree
cpu	lint/drift-allowlist  (every content line starts one entry)	0.023	self_test unbroken tree
cpu	.github/workflows/ci.yml  (yaml.safe_load)	0.043	self_test unbroken tree
cpu	.github/workflows/image.reusable.yml  (yaml.safe_load)	0.049	self_test unbroken tree
cpu	.github/workflows/ci.reusable.yml  (yaml.safe_load)	0.079	self_test unbroken tree
cpu	lint/hadolint.yaml  (yaml.safe_load)	0.043	self_test unbroken tree
cpu	lint/rubocop.yml  (yaml.safe_load)	0.048	self_test unbroken tree
cpu	lint/golangci.yml  (yaml.safe_load)	0.049	self_test unbroken tree
cpu	lint/eslint.config.mjs  (node --check)	0.084	self_test unbroken tree
cpu	templates/bin-prime/go.sh  (bash -n)	0.011	self_test unbroken tree
cpu	templates/bin-prime/bun.sh  (bash -n)	0.014	self_test unbroken tree
cpu	templates/bin-prime/elixir.sh  (bash -n)	0.013	self_test unbroken tree
cpu	lint/yamllint.yml  (yaml.safe_load)	0.045	self_test unbroken tree
cpu	templates/bin-prime/node.sh  (bash -n)	0.014	self_test unbroken tree
cpu	templates/bin-prime/python.sh  (bash -n)	0.014	self_test unbroken tree
cpu	templates/bin-prime/rust.sh  (bash -n)	0.016	self_test unbroken tree
cpu	templates/bin-prime/ruby.sh  (bash -n)	0.014	self_test unbroken tree
cpu	templates/kamal/drill.sh  (bash -n)	0.013	self_test unbroken tree
cpu	templates/compose/postgres/initdb/10-cluster.sh  (bash -n)	0.021	self_test unbroken tree
cpu	templates/compose/docker-compose.yml  (yaml.safe_load)	0.071	self_test unbroken tree
cpu	templates/compose/otel-collector.yml  (yaml.safe_load)	0.069	self_test unbroken tree
verdict	templates/database/tenancy/isolation.sql  (SQL; parsed by tests/tenancy_test.sh against a real Postgres)	0.008	self_test unbroken tree
cpu	templates/database/tenancy/assertions.txt  (every entry is an assertion name)	0.026	self_test unbroken tree
verdict	templates/database/tenancy/README.md  (markdown; the presence check is its check)	0.010	self_test unbroken tree
cpu	templates/database/contract.json  (json.loads)	0.053	self_test unbroken tree
verdict	templates/database/tenancy/substrate.sql  (SQL; parsed by tests/tenancy_test.sh against a real Postgres)	0.013	self_test unbroken tree
verdict	templates/tier/bun/tier.test.ts  (node --check cannot read TypeScript; needs a type-stripping parser)	0.008	self_test unbroken tree
cpu	templates/bin/deploy.sh  (bash -n)	0.016	self_test unbroken tree
cpu	templates/bin/dev.sh  (bash -n)	0.012	self_test unbroken tree
verdict	templates/tier/node/tier.test.ts  (node --check cannot read TypeScript; needs a type-stripping parser)	0.008	self_test unbroken tree
cpu	templates/tier/ruby/tier.rb  (ruby -c)	0.040	self_test unbroken tree
cpu	templates/tier/python/tier_db_test.py  (compile)	0.064	self_test unbroken tree
cpu	templates/tier/python/conftest.py  (compile)	0.066	self_test unbroken tree
cpu	templates/tier/elixir/tier.ex  (Code.string_to_quoted!)	0.274	self_test unbroken tree
cpu	tests/canary_test.sh  (bash -n)	0.013	self_test unbroken tree
cpu	tests/classify_test.sh  (bash -n)	0.015	self_test unbroken tree
cpu	tests/bootstrap.sh  (bash -n)	0.014	self_test unbroken tree
cpu	templates/tier/rust/tier.rs  (rustc --test)	0.661	self_test unbroken tree
cpu	tests/fetch_test.sh  (bash -n)	0.014	self_test unbroken tree
cpu	tests/isolation_test.sh  (bash -n)	0.014	self_test unbroken tree
cpu	tests/gitleaks_gate.sh  (bash -n)	0.013	self_test unbroken tree
cpu	tests/deploy_test.sh  (bash -n)	0.019	self_test unbroken tree
cpu	tests/kamal_test.sh  (bash -n)	0.017	self_test unbroken tree
cpu	tests/multi_tenant_split_test.sh  (bash -n)	0.013	self_test unbroken tree
cpu	tests/lint_test.sh  (bash -n)	0.023	self_test unbroken tree
cpu	tests/no_telemetry_in_readiness.sh  (bash -n)	0.024	self_test unbroken tree
cpu	tests/self_test.sh  (bash -n)	0.035	self_test unbroken tree
cpu	tests/staleness_test.sh  (bash -n)	0.028	self_test unbroken tree
cpu	tests/tenancy_test.sh  (bash -n)	0.026	self_test unbroken tree
cpu	tests/stack_live_test.sh  (bash -n)	0.040	self_test unbroken tree
cpu	tests/validate.sh  (bash -n)	0.030	self_test unbroken tree
cpu	tests/zizmor_gate.sh  (bash -n)	0.022	self_test unbroken tree
phase	static: handed-out scripts are executable	2.129	self_test unbroken tree
phase	static: shellcheck -S warning	0.019	self_test unbroken tree
cpu	templates/bin-prime/node.sh  (shellcheck -S warning)	0.058	self_test unbroken tree
cpu	templates/bin-prime/go.sh  (shellcheck -S warning)	0.053	self_test unbroken tree
cpu	templates/bin-prime/bun.sh  (shellcheck -S warning)	0.060	self_test unbroken tree
cpu	templates/bin-prime/elixir.sh  (shellcheck -S warning)	0.055	self_test unbroken tree
cpu	templates/bin-prime/ruby.sh  (shellcheck -S warning)	0.051	self_test unbroken tree
cpu	templates/bin-prime/rust.sh  (shellcheck -S warning)	0.054	self_test unbroken tree
cpu	templates/bin-prime/python.sh  (shellcheck -S warning)	0.078	self_test unbroken tree
cpu	templates/kamal/drill.sh  (shellcheck -S warning)	0.200	self_test unbroken tree
cpu	tests/bootstrap.sh  (shellcheck -S warning)	0.275	self_test unbroken tree
cpu	templates/bin/deploy.sh  (shellcheck -S warning)	0.509	self_test unbroken tree
cpu	templates/bin/dev.sh  (shellcheck -S warning)	0.451	self_test unbroken tree
cpu	tests/canary_test.sh  (shellcheck -S warning)	0.215	self_test unbroken tree
cpu	tests/classify_test.sh  (shellcheck -S warning)	0.232	self_test unbroken tree
cpu	tests/gitleaks_gate.sh  (shellcheck -S warning)	0.057	self_test unbroken tree
cpu	tests/fetch_test.sh  (shellcheck -S warning)	0.261	self_test unbroken tree
cpu	tests/isolation_test.sh  (shellcheck -S warning)	0.183	self_test unbroken tree
cpu	tests/deploy_test.sh  (shellcheck -S warning)	0.651	self_test unbroken tree
cpu	tests/no_telemetry_in_readiness.sh  (shellcheck -S warning)	0.132	self_test unbroken tree
cpu	tests/multi_tenant_split_test.sh  (shellcheck -S warning)	0.160	self_test unbroken tree
cpu	tests/kamal_test.sh  (shellcheck -S warning)	0.212	self_test unbroken tree
cpu	tests/lint_test.sh  (shellcheck -S warning)	0.227	self_test unbroken tree
cpu	tests/tenancy_test.sh  (shellcheck -S warning)	0.245	self_test unbroken tree
cpu	tests/stack_live_test.sh  (shellcheck -S warning)	0.261	self_test unbroken tree
cpu	tests/staleness_test.sh  (shellcheck -S warning)	0.332	self_test unbroken tree
cpu	tests/self_test.sh  (shellcheck -S warning)	0.963	self_test unbroken tree
cpu	tests/zizmor_gate.sh  (shellcheck -S warning)	0.041	self_test unbroken tree
cpu	tests/validate.sh  (shellcheck -S warning)	1.370	self_test unbroken tree
phase	static: templates/otel — every artifact is present	4.155	self_test unbroken tree
check	templates/otel/rust/traceparent.rs  (carries its own suite)	0.013	self_test unbroken tree
phase	static: templates/database/tenancy — every artifact is present	0.197	self_test unbroken tree
check	templates/database/tenancy/  (4 shared artifacts + 6 per-language drivers)	0.038	self_test unbroken tree
phase	static: templates/kamal — every artifact is present	0.050	self_test unbroken tree
check	templates/kamal/  (4 artifacts present, the set is whole)	0.038	self_test unbroken tree
check	the superseded custom backup toolchain  (it must be gone — kamal-backup is the standard)	0.007	self_test unbroken tree
check	kamal_test — 24 case(s), every one against the real binaries.	6.046	self_test unbroken tree
check	templates/otel/*/*.snippet  (installable, versioned, not vendored)	0.041	self_test unbroken tree
phase	static: the canary harness parses in Go	6.190	self_test unbroken tree
check	templates/secrets/go/canary_test.go  (gofmt parses)	0.039	self_test unbroken tree
check	templates/secrets/go/canary.go  (gofmt parses)	0.039	self_test unbroken tree
check	templates/secrets/go/print_shape_test.go  (gofmt parses)	0.039	self_test unbroken tree
check	templates/secrets/go/sweep.go  (gofmt parses)	0.048	self_test unbroken tree
check	templates/secrets/go/typecover_test.go  (gofmt parses)	0.055	self_test unbroken tree
check	templates/secrets/go/typecover.go  (gofmt parses)	0.040	self_test unbroken tree
check	templates/secrets/go/internal/leaky/creds.go  (gofmt parses)	0.040	self_test unbroken tree
check	templates/secrets/go/internal/safe/creds.go  (gofmt parses)	0.036	self_test unbroken tree
phase	static: every otel snippet parses in its own language	0.556	self_test unbroken tree
check	otel/go/otelhttp.go.snippet  (parses as .go)	0.058	self_test unbroken tree
check	otel/ruby/rack_middleware.rb.snippet  (parses as .rb)	0.048	self_test unbroken tree
check	otel/python/fastapi.py.snippet  (parses as .py)	0.090	self_test unbroken tree
check	otel/elixir/phoenix_telemetry.ex.snippet  (parses as .ex)	0.600	self_test unbroken tree
check	otel/rust/otel_client.rs.snippet  (parses; crates unresolved, as expected)	0.119	self_test unbroken tree
check	otel/node/hono.ts.snippet  (parses as .ts)	0.095	self_test unbroken tree
phase	static: templates declare no third-party dependency	1.083	self_test unbroken tree
check	templates/otel/go/go.mod  (no require)	0.014	self_test unbroken tree
check	templates/secrets/go/go.mod  (no require)	0.016	self_test unbroken tree
check	templates/otel/node/package.json  (not needed: node:test + stdlib)	0.009	self_test unbroken tree
phase	static: every Dockerfile is hadolint clean	0.102	self_test unbroken tree
check	docker/Dockerfile.bun  (hadolint)	0.068	self_test unbroken tree
check	docker/Dockerfile.elixir  (hadolint)	0.083	self_test unbroken tree
check	docker/Dockerfile.go  (hadolint)	0.065	self_test unbroken tree
check	docker/Dockerfile.node  (hadolint)	0.064	self_test unbroken tree
check	docker/Dockerfile.python  (hadolint)	0.070	self_test unbroken tree
check	docker/Dockerfile.ruby  (hadolint)	0.058	self_test unbroken tree
check	docker/Dockerfile.rust  (hadolint)	0.061	self_test unbroken tree
check	templates/compose/postgres/Dockerfile  (hadolint)	0.044	self_test unbroken tree
phase	static: every Dockerfile runs non-root on a pinned base	0.624	self_test unbroken tree
check	docker/Dockerfile.*  (non-root final stage, no :latest, no ADD)	0.040	self_test unbroken tree
phase	static: each Dockerfile documents its own non-root guarantee	0.070	self_test unbroken tree
check	docker/Dockerfile.*  (STRICTNESS NOTES state the non-root stage)	0.037	self_test unbroken tree
phase	static: every language ships all four artifacts	0.068	self_test unbroken tree
check	go  (Dockerfile + bin/prime present)	0.129	self_test unbroken tree
check	ruby  (Dockerfile + bin/prime present)	0.035	self_test unbroken tree
check	elixir  (Dockerfile + bin/prime present)	0.034	self_test unbroken tree
check	python  (Dockerfile + bin/prime present)	0.037	self_test unbroken tree
check	node  (Dockerfile + bin/prime present)	0.033	self_test unbroken tree
check	bun  (Dockerfile + bin/prime present)	0.034	self_test unbroken tree
check	rust  (Dockerfile + bin/prime present)	0.033	self_test unbroken tree
check	templates/mise.toml  (a [tools] pin per language)	0.089	self_test unbroken tree
phase	static: compose — the observability chokepoint	0.549	self_test unbroken tree
check	templates/compose/otel-collector.yml  (redaction first, env endpoints, no URL)	0.070	self_test unbroken tree
check	otel-collector allowlist vs core (core checkout not found — set KIT_CORE)	0.008	self_test unbroken tree
check	otel-collector signals  (exceptions as logs, not span events)	0.072	self_test unbroken tree
check	otel-collector degradation  (no queue, no retry, limiter first, health_check)	0.078	self_test unbroken tree
check	templates/compose/docker-compose.yml  (pinned, healthy, parameterized)	0.071	self_test unbroken tree
check	docker-compose.yml  (four AGPL backends, unmodified, pinned, bounded)	0.070	self_test unbroken tree
check	docker-compose.yml  (host ports all in the 15000-15999 block, no reuse)	0.071	self_test unbroken tree
check	compose + bin/dev  (telemetry is never in a readiness path)	0.070	self_test unbroken tree
check	templates/otel/*/*.snippet  (cafaye endpoint, on by default, free no-op)	0.043	self_test unbroken tree
check	grafana provisioning  (3 datasources, dashboards, alerting — all files)	0.058	self_test unbroken tree
check	grafana dashboards  (status is the predicate, error.type is a drill-down)	0.041	self_test unbroken tree
check	grafana panels  (every query names the backend that can answer it)	0.064	self_test unbroken tree
check	otel-collector env  (every ${env:} reaches the container)	0.091	self_test unbroken tree
check	templates/compose/.env.example  (every placeholder documented, no tenant named)	0.039	self_test unbroken tree
check	templates/database/*  (the contract, in the generated output, per language)	0.053	self_test unbroken tree
check	templates/database/tenancy/*  (the account boundary, in the templates that enforce it)	0.044	self_test unbroken tree
check	DECISIONS.md  (exists, records trades, and every reference resolves)	0.090	self_test unbroken tree
check	bin/dev  (every command the documentation promises is one the script dispatches)	0.066	self_test unbroken tree
check	postgres tag  (.env.example and compose agree, and it is not alpine)	0.036	self_test unbroken tree
check	the cluster  (one database + role per service, wired end to end)	0.039	self_test unbroken tree
check	kit harnesses  (every .env-writing harness declares its own tenant)	0.064	self_test unbroken tree
check	the connection budget  (max_connections covers the declared topology)	0.038	self_test unbroken tree
phase	static: every database snippet parses in its own language	1.787	self_test unbroken tree
check	database/go/database.go.snippet  (parses as .go)	0.059	self_test unbroken tree
check	database/python/database.py.snippet  (parses as .py)	0.093	self_test unbroken tree
check	database/ruby/database.yml.snippet  (parses as .yml)	0.054	self_test unbroken tree
check	database/elixir/repo.exs.snippet  (loads; stdlib only, as intended)	0.480	self_test unbroken tree
check	database/rust/database.rs.snippet  (parses; crates unresolved, as expected)	0.152	self_test unbroken tree
check	database/node/database.ts.snippet  (parses as .ts)	0.129	self_test unbroken tree
check	templates/bin/dev.sh  (KIT_DEV_PROFILES= escape hatch actually runs)	0.361	self_test unbroken tree
phase	static: the fleet adopts the stack rather than copying it	1.431	self_test unbroken tree
check	fleet adoption (no cafaye repository on this machine — set KIT_FLEET=<dir>)	0.114	self_test unbroken tree
check	templates/compose/ + bin/dev  (every vendor config mounts from the fetched tree)	0.036	self_test unbroken tree
check	templates/bin/dev.sh + .env.example  (the pin is kit.ref, and the gate reads the same file)	0.033	self_test unbroken tree
phase	static: the core fan-out standard	0.237	self_test unbroken tree
check	core/vendir/ + core/renovate/  (structurally what Renovate and vendir need)	0.054	self_test unbroken tree
phase	static: no adopting repository carries a D12/D13 workaround	0.084	self_test unbroken tree
check	adopting repositories  (no fleet beside this one — set KIT_FLEET)	0.026	self_test unbroken tree
phase	static: every YAML in the tree is yamllint clean	0.039	self_test unbroken tree
cpu	.github/zizmor.yml  (yamllint -c lint/yamllint.yml)	0.105	self_test unbroken tree
cpu	.github/workflows/ci.yml  (yamllint -c lint/yamllint.yml)	0.113	self_test unbroken tree
cpu	.github/workflows/image.reusable.yml  (yamllint -c lint/yamllint.yml)	0.136	self_test unbroken tree
cpu	.github/workflows/ci.reusable.yml  (yamllint -c lint/yamllint.yml)	0.208	self_test unbroken tree
cpu	lint/golangci.yml  (yamllint -c lint/yamllint.yml)	0.110	self_test unbroken tree
cpu	core/release/release.yml  (yamllint -c lint/yamllint.yml)	0.123	self_test unbroken tree
cpu	lint/hadolint.yaml  (yamllint -c lint/yamllint.yml)	0.147	self_test unbroken tree
cpu	lint/rubocop.yml  (yamllint -c lint/yamllint.yml)	0.153	self_test unbroken tree
cpu	lint/yamllint.yml  (yamllint -c lint/yamllint.yml)	0.133	self_test unbroken tree
cpu	templates/compose/grafana/provisioning/dashboards/dashboards.yml  (yamllint -c lint/yamllint.yml)	0.111	self_test unbroken tree
cpu	templates/compose/grafana/provisioning/alerting/rules.yml  (yamllint -c lint/yamllint.yml)	0.137	self_test unbroken tree
cpu	templates/compose/docker-compose.yml  (yamllint -c lint/yamllint.yml)	0.174	self_test unbroken tree
cpu	templates/compose/grafana/provisioning/datasources/datasources.yml  (yamllint -c lint/yamllint.yml)	0.132	self_test unbroken tree
cpu	templates/compose/mimir/mimir.yaml  (yamllint -c lint/yamllint.yml)	0.100	self_test unbroken tree
cpu	templates/compose/loki/loki-config.yaml  (yamllint -c lint/yamllint.yml)	0.113	self_test unbroken tree
cpu	templates/compose/otel-collector.yml  (yamllint -c lint/yamllint.yml)	0.181	self_test unbroken tree
cpu	templates/compose/tempo/tempo.yaml  (yamllint -c lint/yamllint.yml)	0.128	self_test unbroken tree
cpu	templates/deploy/compose.deploy.yml  (yamllint -c lint/yamllint.yml)	0.115	self_test unbroken tree
cpu	templates/deploy/reference/courier.deploy.yml  (yamllint -c lint/yamllint.yml)	0.116	self_test unbroken tree
check	core/vendir/vendir.yml.template  (yamllint -c lint/yamllint.yml, under a non-.yml name)	0.089	self_test unbroken tree
check	core/vendir/vendir.yml.muse  (yamllint -c lint/yamllint.yml, under a non-.yml name)	0.087	self_test unbroken tree
check	core/vendir/vendir.yml.pantry  (yamllint -c lint/yamllint.yml, under a non-.yml name)	0.094	self_test unbroken tree
check	core/vendir/vendir.yml.caf  (yamllint -c lint/yamllint.yml, under a non-.yml name)	0.087	self_test unbroken tree
check	.github/workflows/ci.reusable.yml  (opt-in telemetry job, defaults intact)	0.087	self_test unbroken tree
phase	static: every language declares a tier, and says how it is collected	1.600	self_test unbroken tree
check	templates/tier/<lang>/  (a declared tier, and a README row naming the collector)	0.086	self_test unbroken tree
check	.github/workflows/ci.reusable.yml  (required-tier is declared, demanded by every language job, and identical)	0.083	self_test unbroken tree
phase	static: lint runs from kit, not from a copy	0.220	self_test unbroken tree
check	lint/ + the workflow  (every lint step is a gate on kit config)	0.089	self_test unbroken tree
check	the seam  (narrow, guarded before the linter, and wired to it)	0.085	self_test unbroken tree
check	lint drift  (a service config is compared to kit, not merely forbidden)	0.053	self_test unbroken tree
check	templates/tier/skip-allowlist  (reason, owner, since, until; unused entries fail)	0.034	self_test unbroken tree
check	templates/parity-allowlist  (reason, owner, since, until; dead entries fail)	0.037	self_test unbroken tree
check	tests/artifacts.json  (every declared source exists, for every language)	0.125	self_test unbroken tree
check	tests/classify.py + tests/staleness.py  (stdlib only; the carve-out, enforced)	0.050	self_test unbroken tree
check	.github/workflows/*  (no test report is ever cached)	0.035	self_test unbroken tree
check	.github/workflows/ci.reusable.yml  (secrets job: not advisory, full history, not opt-in)	0.081	self_test unbroken tree
check	README.md  (documents every new template)	0.036	self_test unbroken tree
check	LICENSE  (MIT, and nothing in the tree can disagree with it)	0.036	self_test unbroken tree
check	README.md  (its documented callers match the workflow inputs)	0.096	self_test unbroken tree
check	reusable workflows  (callable: exists, on: workflow_call, docs agree)	0.199	self_test unbroken tree
check	reusable workflows  (workflow_call inputs use only documented keys)	0.084	self_test unbroken tree
phase	static: secrets — the scanner is present, configured, and can fail	1.362	self_test unbroken tree
check	.gitleaks.toml  (allowlist only, every entry reasoned)	0.035	self_test unbroken tree
check	no .gitleaksignore  (the allowlist is the committed config)	0.034	self_test unbroken tree
check	tests/gitleaks_gate.sh  (finds a real secret, never prints it, reads history)	1.133	self_test unbroken tree
check	.github/workflows/*  (no dangerous trigger, on parsed keys)	0.105	self_test unbroken tree
check	.github/zizmor.yml  (unpinned-uses recorded, never baselined)	0.064	self_test unbroken tree
check	.github/zizmor.yml  (every ignore entry carries a reason)	0.041	self_test unbroken tree
check	gitleaks  (8.30.1, full history, --redact)	0.491	self_test unbroken tree
phase	static: the canary harness — contract, adapter, and every artifact	2.056	self_test unbroken tree
check	templates/secrets  (contract names all five vectors, states its limits)	0.033	self_test unbroken tree
check	the canary  (never committed as a literal, anywhere)	0.055	self_test unbroken tree
check	the canary  (unmistakably fake: prefixed, low-entropy, self-describing)	0.032	self_test unbroken tree
check	the canary suite  (never prints the value it planted)	0.960	self_test unbroken tree
phase	20 telemetry: the six traceparent suites, executed	1.171	self_test unbroken tree
phase	30 observability: the claims worth nothing unexercised	0.009	self_test unbroken tree
phase	40 classifier + staleness + fetch + tenancy, executed	0.008	self_test unbroken tree
check	tests/classify_test.sh  (19 cases, incl. the fail-closed property)	1.583	self_test unbroken tree
phase	fetch: the pinned kit ref resolves, and a moving one is refused	1.614	self_test unbroken tree
check	tests/fetch_test.sh  (a pin fetches, a branch is refused, offline is real)	13.249	self_test unbroken tree
phase	tenancy: how one shared cluster is split into per-service databases	13.276	self_test unbroken tree
check	tests/multi_tenant_split_test.sh  (a second tenant is split, not fused; identifiers hold in every locale)	5.099	self_test unbroken tree
phase	staleness: the fleet reporter tells the states apart	5.131	self_test unbroken tree
check	tests/staleness_test.sh  (26 cases, incl. the red proof and the absent case)	10.348	self_test unbroken tree
phase	50 lint: the four linters, run against fixtures that must fail them	10.353	self_test unbroken tree
phase	lint: kit configs, executed against fixtures that must fail them	0.007	self_test unbroken tree
check	lint_test.sh  (--no-lint)	0.023	self_test unbroken tree
phase	60 self_test: n whole gates, one per breakage	0.022	self_test unbroken tree
phase	70 summary	0.007	self_test unbroken tree
phase	END OF RUN (no section header after this point)	0.007	self_test unbroken tree
total	FULL RUN (first line of the script to the exit trap)	56.320	self_test unbroken tree
phase	00 bootstrap: resolve the interpreter and install deps	0.041	self_test breakage 1: templates/otel/go/traceparent.go deleted
phase	10 static: every artifact parses, and the strictness decisions hold	0.015	self_test breakage 1: templates/otel/go/traceparent.go deleted
check	no tracked file carries a merge-conflict marker	0.015	self_test breakage 1: templates/otel/go/traceparent.go deleted
phase	static: every artifact parses	0.046	self_test breakage 1: templates/otel/go/traceparent.go deleted
cpu	lint/drift-allowlist  (every content line starts one entry)	0.023	self_test breakage 1: templates/otel/go/traceparent.go deleted
cpu	.github/workflows/ci.yml  (yaml.safe_load)	0.051	self_test breakage 1: templates/otel/go/traceparent.go deleted
cpu	.github/workflows/image.reusable.yml  (yaml.safe_load)	0.068	self_test breakage 1: templates/otel/go/traceparent.go deleted
cpu	.github/workflows/ci.reusable.yml  (yaml.safe_load)	0.100	self_test breakage 1: templates/otel/go/traceparent.go deleted
cpu	lint/golangci.yml  (yaml.safe_load)	0.053	self_test breakage 1: templates/otel/go/traceparent.go deleted
cpu	lint/rubocop.yml  (yaml.safe_load)	0.058	self_test breakage 1: templates/otel/go/traceparent.go deleted
cpu	lint/hadolint.yaml  (yaml.safe_load)	0.059	self_test breakage 1: templates/otel/go/traceparent.go deleted
cpu	lint/eslint.config.mjs  (node --check)	0.111	self_test breakage 1: templates/otel/go/traceparent.go deleted
cpu	templates/bin-prime/elixir.sh  (bash -n)	0.012	self_test breakage 1: templates/otel/go/traceparent.go deleted
cpu	templates/bin-prime/bun.sh  (bash -n)	0.015	self_test breakage 1: templates/otel/go/traceparent.go deleted
cpu	templates/bin-prime/go.sh  (bash -n)	0.012	self_test breakage 1: templates/otel/go/traceparent.go deleted
cpu	lint/yamllint.yml  (yaml.safe_load)	0.050	self_test breakage 1: templates/otel/go/traceparent.go deleted
cpu	templates/bin-prime/python.sh  (bash -n)	0.011	self_test breakage 1: templates/otel/go/traceparent.go deleted
cpu	templates/bin-prime/node.sh  (bash -n)	0.013	self_test breakage 1: templates/otel/go/traceparent.go deleted
cpu	templates/bin-prime/ruby.sh  (bash -n)	0.014	self_test breakage 1: templates/otel/go/traceparent.go deleted
cpu	templates/bin-prime/rust.sh  (bash -n)	0.017	self_test breakage 1: templates/otel/go/traceparent.go deleted
cpu	templates/kamal/drill.sh  (bash -n)	0.016	self_test breakage 1: templates/otel/go/traceparent.go deleted
cpu	templates/compose/postgres/initdb/10-cluster.sh  (bash -n)	0.017	self_test breakage 1: templates/otel/go/traceparent.go deleted
cpu	templates/compose/docker-compose.yml  (yaml.safe_load)	0.068	self_test breakage 1: templates/otel/go/traceparent.go deleted
cpu	templates/compose/otel-collector.yml  (yaml.safe_load)	0.066	self_test breakage 1: templates/otel/go/traceparent.go deleted
verdict	templates/database/tenancy/isolation.sql  (SQL; parsed by tests/tenancy_test.sh against a real Postgres)	0.008	self_test breakage 1: templates/otel/go/traceparent.go deleted
cpu	templates/database/tenancy/assertions.txt  (every entry is an assertion name)	0.020	self_test breakage 1: templates/otel/go/traceparent.go deleted
verdict	templates/database/tenancy/README.md  (markdown; the presence check is its check)	0.008	self_test breakage 1: templates/otel/go/traceparent.go deleted
cpu	templates/database/contract.json  (json.loads)	0.036	self_test breakage 1: templates/otel/go/traceparent.go deleted
verdict	templates/database/tenancy/substrate.sql  (SQL; parsed by tests/tenancy_test.sh against a real Postgres)	0.008	self_test breakage 1: templates/otel/go/traceparent.go deleted
verdict	templates/tier/bun/tier.test.ts  (node --check cannot read TypeScript; needs a type-stripping parser)	0.010	self_test breakage 1: templates/otel/go/traceparent.go deleted
cpu	templates/bin/dev.sh  (bash -n)	0.015	self_test breakage 1: templates/otel/go/traceparent.go deleted
cpu	templates/bin/deploy.sh  (bash -n)	0.015	self_test breakage 1: templates/otel/go/traceparent.go deleted
verdict	templates/tier/node/tier.test.ts  (node --check cannot read TypeScript; needs a type-stripping parser)	0.009	self_test breakage 1: templates/otel/go/traceparent.go deleted
cpu	templates/tier/ruby/tier.rb  (ruby -c)	0.046	self_test breakage 1: templates/otel/go/traceparent.go deleted
cpu	templates/tier/python/conftest.py  (compile)	0.066	self_test breakage 1: templates/otel/go/traceparent.go deleted
cpu	templates/tier/python/tier_db_test.py  (compile)	0.077	self_test breakage 1: templates/otel/go/traceparent.go deleted
cpu	templates/tier/elixir/tier.ex  (Code.string_to_quoted!)	0.298	self_test breakage 1: templates/otel/go/traceparent.go deleted
cpu	tests/classify_test.sh  (bash -n)	0.026	self_test breakage 1: templates/otel/go/traceparent.go deleted
cpu	tests/bootstrap.sh  (bash -n)	0.032	self_test breakage 1: templates/otel/go/traceparent.go deleted
cpu	tests/canary_test.sh  (bash -n)	0.053	self_test breakage 1: templates/otel/go/traceparent.go deleted
cpu	templates/tier/rust/tier.rs  (rustc --test)	0.731	self_test breakage 1: templates/otel/go/traceparent.go deleted
cpu	tests/deploy_test.sh  (bash -n)	0.013	self_test breakage 1: templates/otel/go/traceparent.go deleted
cpu	tests/gitleaks_gate.sh  (bash -n)	0.018	self_test breakage 1: templates/otel/go/traceparent.go deleted
cpu	tests/fetch_test.sh  (bash -n)	0.016	self_test breakage 1: templates/otel/go/traceparent.go deleted
cpu	tests/isolation_test.sh  (bash -n)	0.018	self_test breakage 1: templates/otel/go/traceparent.go deleted
cpu	tests/kamal_test.sh  (bash -n)	0.016	self_test breakage 1: templates/otel/go/traceparent.go deleted
cpu	tests/lint_test.sh  (bash -n)	0.012	self_test breakage 1: templates/otel/go/traceparent.go deleted
cpu	tests/no_telemetry_in_readiness.sh  (bash -n)	0.013	self_test breakage 1: templates/otel/go/traceparent.go deleted
cpu	tests/multi_tenant_split_test.sh  (bash -n)	0.014	self_test breakage 1: templates/otel/go/traceparent.go deleted
cpu	tests/tenancy_test.sh  (bash -n)	0.012	self_test breakage 1: templates/otel/go/traceparent.go deleted
cpu	tests/self_test.sh  (bash -n)	0.023	self_test breakage 1: templates/otel/go/traceparent.go deleted
cpu	tests/stack_live_test.sh  (bash -n)	0.012	self_test breakage 1: templates/otel/go/traceparent.go deleted
cpu	tests/staleness_test.sh  (bash -n)	0.015	self_test breakage 1: templates/otel/go/traceparent.go deleted
cpu	tests/validate.sh  (bash -n)	0.024	self_test breakage 1: templates/otel/go/traceparent.go deleted
cpu	tests/zizmor_gate.sh  (bash -n)	0.022	self_test breakage 1: templates/otel/go/traceparent.go deleted
phase	static: handed-out scripts are executable	2.264	self_test breakage 1: templates/otel/go/traceparent.go deleted
phase	static: shellcheck -S warning	0.010	self_test breakage 1: templates/otel/go/traceparent.go deleted
cpu	templates/bin-prime/go.sh  (shellcheck -S warning)	0.047	self_test breakage 1: templates/otel/go/traceparent.go deleted
cpu	templates/bin-prime/elixir.sh  (shellcheck -S warning)	0.043	self_test breakage 1: templates/otel/go/traceparent.go deleted
cpu	templates/bin-prime/node.sh  (shellcheck -S warning)	0.049	self_test breakage 1: templates/otel/go/traceparent.go deleted
cpu	templates/bin-prime/bun.sh  (shellcheck -S warning)	0.058	self_test breakage 1: templates/otel/go/traceparent.go deleted
cpu	templates/bin-prime/ruby.sh  (shellcheck -S warning)	0.050	self_test breakage 1: templates/otel/go/traceparent.go deleted
cpu	templates/bin-prime/rust.sh  (shellcheck -S warning)	0.054	self_test breakage 1: templates/otel/go/traceparent.go deleted
cpu	templates/bin-prime/python.sh  (shellcheck -S warning)	0.061	self_test breakage 1: templates/otel/go/traceparent.go deleted
cpu	templates/kamal/drill.sh  (shellcheck -S warning)	0.128	self_test breakage 1: templates/otel/go/traceparent.go deleted
cpu	tests/bootstrap.sh  (shellcheck -S warning)	0.196	self_test breakage 1: templates/otel/go/traceparent.go deleted
cpu	templates/bin/deploy.sh  (shellcheck -S warning)	0.373	self_test breakage 1: templates/otel/go/traceparent.go deleted
cpu	templates/bin/dev.sh  (shellcheck -S warning)	0.360	self_test breakage 1: templates/otel/go/traceparent.go deleted
cpu	tests/canary_test.sh  (shellcheck -S warning)	0.178	self_test breakage 1: templates/otel/go/traceparent.go deleted
cpu	tests/classify_test.sh  (shellcheck -S warning)	0.172	self_test breakage 1: templates/otel/go/traceparent.go deleted
cpu	tests/fetch_test.sh  (shellcheck -S warning)	0.181	self_test breakage 1: templates/otel/go/traceparent.go deleted
cpu	tests/gitleaks_gate.sh  (shellcheck -S warning)	0.061	self_test breakage 1: templates/otel/go/traceparent.go deleted
cpu	tests/isolation_test.sh  (shellcheck -S warning)	0.155	self_test breakage 1: templates/otel/go/traceparent.go deleted
cpu	tests/deploy_test.sh  (shellcheck -S warning)	0.510	self_test breakage 1: templates/otel/go/traceparent.go deleted
cpu	tests/no_telemetry_in_readiness.sh  (shellcheck -S warning)	0.134	self_test breakage 1: templates/otel/go/traceparent.go deleted
cpu	tests/multi_tenant_split_test.sh  (shellcheck -S warning)	0.139	self_test breakage 1: templates/otel/go/traceparent.go deleted
cpu	tests/kamal_test.sh  (shellcheck -S warning)	0.175	self_test breakage 1: templates/otel/go/traceparent.go deleted
cpu	tests/lint_test.sh  (shellcheck -S warning)	0.178	self_test breakage 1: templates/otel/go/traceparent.go deleted
cpu	tests/stack_live_test.sh  (shellcheck -S warning)	0.224	self_test breakage 1: templates/otel/go/traceparent.go deleted
cpu	tests/tenancy_test.sh  (shellcheck -S warning)	0.237	self_test breakage 1: templates/otel/go/traceparent.go deleted
cpu	tests/staleness_test.sh  (shellcheck -S warning)	0.322	self_test breakage 1: templates/otel/go/traceparent.go deleted
cpu	tests/self_test.sh  (shellcheck -S warning)	0.923	self_test breakage 1: templates/otel/go/traceparent.go deleted
cpu	tests/zizmor_gate.sh  (shellcheck -S warning)	0.045	self_test breakage 1: templates/otel/go/traceparent.go deleted
cpu	tests/validate.sh  (shellcheck -S warning)	1.303	self_test breakage 1: templates/otel/go/traceparent.go deleted
phase	static: templates/otel — every artifact is present	3.700	self_test breakage 1: templates/otel/go/traceparent.go deleted
check	templates/otel/rust/traceparent.rs  (carries its own suite)	0.012	self_test breakage 1: templates/otel/go/traceparent.go deleted
phase	static: templates/database/tenancy — every artifact is present	0.192	self_test breakage 1: templates/otel/go/traceparent.go deleted
check	templates/database/tenancy/  (4 shared artifacts + 6 per-language drivers)	0.037	self_test breakage 1: templates/otel/go/traceparent.go deleted
phase	static: templates/kamal — every artifact is present	0.047	self_test breakage 1: templates/otel/go/traceparent.go deleted
check	templates/kamal/  (4 artifacts present, the set is whole)	0.039	self_test breakage 1: templates/otel/go/traceparent.go deleted
check	the superseded custom backup toolchain  (it must be gone — kamal-backup is the standard)	0.007	self_test breakage 1: templates/otel/go/traceparent.go deleted
check	kamal_test — 24 case(s), every one against the real binaries.	4.574	self_test breakage 1: templates/otel/go/traceparent.go deleted
check	templates/otel/*/*.snippet  (installable, versioned, not vendored)	0.033	self_test breakage 1: templates/otel/go/traceparent.go deleted
phase	static: the canary harness parses in Go	4.701	self_test breakage 1: templates/otel/go/traceparent.go deleted
check	templates/secrets/go/canary_test.go  (gofmt parses)	0.032	self_test breakage 1: templates/otel/go/traceparent.go deleted
check	templates/secrets/go/canary.go  (gofmt parses)	0.031	self_test breakage 1: templates/otel/go/traceparent.go deleted
check	templates/secrets/go/print_shape_test.go  (gofmt parses)	0.033	self_test breakage 1: templates/otel/go/traceparent.go deleted
check	templates/secrets/go/sweep.go  (gofmt parses)	0.032	self_test breakage 1: templates/otel/go/traceparent.go deleted
check	templates/secrets/go/typecover_test.go  (gofmt parses)	0.031	self_test breakage 1: templates/otel/go/traceparent.go deleted
check	templates/secrets/go/typecover.go  (gofmt parses)	0.032	self_test breakage 1: templates/otel/go/traceparent.go deleted
check	templates/secrets/go/internal/leaky/creds.go  (gofmt parses)	0.033	self_test breakage 1: templates/otel/go/traceparent.go deleted
check	templates/secrets/go/internal/safe/creds.go  (gofmt parses)	0.033	self_test breakage 1: templates/otel/go/traceparent.go deleted
phase	static: every otel snippet parses in its own language	0.434	self_test breakage 1: templates/otel/go/traceparent.go deleted
check	otel/go/otelhttp.go.snippet  (parses as .go)	0.049	self_test breakage 1: templates/otel/go/traceparent.go deleted
check	otel/ruby/rack_middleware.rb.snippet  (parses as .rb)	0.039	self_test breakage 1: templates/otel/go/traceparent.go deleted
check	otel/python/fastapi.py.snippet  (parses as .py)	0.075	self_test breakage 1: templates/otel/go/traceparent.go deleted
check	otel/elixir/phoenix_telemetry.ex.snippet  (parses as .ex)	0.455	self_test breakage 1: templates/otel/go/traceparent.go deleted
check	otel/rust/otel_client.rs.snippet  (parses; crates unresolved, as expected)	0.101	self_test breakage 1: templates/otel/go/traceparent.go deleted
check	otel/node/hono.ts.snippet  (parses as .ts)	0.082	self_test breakage 1: templates/otel/go/traceparent.go deleted
phase	static: templates declare no third-party dependency	0.866	self_test breakage 1: templates/otel/go/traceparent.go deleted
check	templates/otel/go/go.mod  (no require)	0.013	self_test breakage 1: templates/otel/go/traceparent.go deleted
check	templates/secrets/go/go.mod  (no require)	0.013	self_test breakage 1: templates/otel/go/traceparent.go deleted
check	templates/otel/node/package.json  (not needed: node:test + stdlib)	0.008	self_test breakage 1: templates/otel/go/traceparent.go deleted
phase	static: every Dockerfile is hadolint clean	0.089	self_test breakage 1: templates/otel/go/traceparent.go deleted
check	docker/Dockerfile.bun  (hadolint)	0.055	self_test breakage 1: templates/otel/go/traceparent.go deleted
check	docker/Dockerfile.elixir  (hadolint)	0.061	self_test breakage 1: templates/otel/go/traceparent.go deleted
check	docker/Dockerfile.go  (hadolint)	0.056	self_test breakage 1: templates/otel/go/traceparent.go deleted
check	docker/Dockerfile.node  (hadolint)	0.049	self_test breakage 1: templates/otel/go/traceparent.go deleted
check	docker/Dockerfile.python  (hadolint)	0.071	self_test breakage 1: templates/otel/go/traceparent.go deleted
check	docker/Dockerfile.ruby  (hadolint)	0.056	self_test breakage 1: templates/otel/go/traceparent.go deleted
check	docker/Dockerfile.rust  (hadolint)	0.062	self_test breakage 1: templates/otel/go/traceparent.go deleted
check	templates/compose/postgres/Dockerfile  (hadolint)	0.035	self_test breakage 1: templates/otel/go/traceparent.go deleted
phase	static: every Dockerfile runs non-root on a pinned base	0.530	self_test breakage 1: templates/otel/go/traceparent.go deleted
check	docker/Dockerfile.*  (non-root final stage, no :latest, no ADD)	0.030	self_test breakage 1: templates/otel/go/traceparent.go deleted
phase	static: each Dockerfile documents its own non-root guarantee	0.056	self_test breakage 1: templates/otel/go/traceparent.go deleted
check	docker/Dockerfile.*  (STRICTNESS NOTES state the non-root stage)	0.031	self_test breakage 1: templates/otel/go/traceparent.go deleted
phase	static: every language ships all four artifacts	0.055	self_test breakage 1: templates/otel/go/traceparent.go deleted
check	go  (Dockerfile + bin/prime present)	0.106	self_test breakage 1: templates/otel/go/traceparent.go deleted
check	ruby  (Dockerfile + bin/prime present)	0.034	self_test breakage 1: templates/otel/go/traceparent.go deleted
check	elixir  (Dockerfile + bin/prime present)	0.029	self_test breakage 1: templates/otel/go/traceparent.go deleted
check	python  (Dockerfile + bin/prime present)	0.030	self_test breakage 1: templates/otel/go/traceparent.go deleted
check	node  (Dockerfile + bin/prime present)	0.030	self_test breakage 1: templates/otel/go/traceparent.go deleted
check	bun  (Dockerfile + bin/prime present)	0.030	self_test breakage 1: templates/otel/go/traceparent.go deleted
check	rust  (Dockerfile + bin/prime present)	0.029	self_test breakage 1: templates/otel/go/traceparent.go deleted
check	templates/mise.toml  (a [tools] pin per language)	0.074	self_test breakage 1: templates/otel/go/traceparent.go deleted
phase	static: compose — the observability chokepoint	0.451	self_test breakage 1: templates/otel/go/traceparent.go deleted
check	templates/compose/otel-collector.yml  (redaction first, env endpoints, no URL)	0.063	self_test breakage 1: templates/otel/go/traceparent.go deleted
check	otel-collector allowlist vs core (core checkout not found — set KIT_CORE)	0.008	self_test breakage 1: templates/otel/go/traceparent.go deleted
check	otel-collector signals  (exceptions as logs, not span events)	0.062	self_test breakage 1: templates/otel/go/traceparent.go deleted
check	otel-collector degradation  (no queue, no retry, limiter first, health_check)	0.061	self_test breakage 1: templates/otel/go/traceparent.go deleted
check	templates/compose/docker-compose.yml  (pinned, healthy, parameterized)	0.059	self_test breakage 1: templates/otel/go/traceparent.go deleted
check	docker-compose.yml  (four AGPL backends, unmodified, pinned, bounded)	0.061	self_test breakage 1: templates/otel/go/traceparent.go deleted
check	docker-compose.yml  (host ports all in the 15000-15999 block, no reuse)	0.059	self_test breakage 1: templates/otel/go/traceparent.go deleted
check	compose + bin/dev  (telemetry is never in a readiness path)	0.058	self_test breakage 1: templates/otel/go/traceparent.go deleted
check	templates/otel/*/*.snippet  (cafaye endpoint, on by default, free no-op)	0.039	self_test breakage 1: templates/otel/go/traceparent.go deleted
check	grafana provisioning  (3 datasources, dashboards, alerting — all files)	0.049	self_test breakage 1: templates/otel/go/traceparent.go deleted
check	grafana dashboards  (status is the predicate, error.type is a drill-down)	0.034	self_test breakage 1: templates/otel/go/traceparent.go deleted
check	grafana panels  (every query names the backend that can answer it)	0.053	self_test breakage 1: templates/otel/go/traceparent.go deleted
check	otel-collector env  (every ${env:} reaches the container)	0.081	self_test breakage 1: templates/otel/go/traceparent.go deleted
check	templates/compose/.env.example  (every placeholder documented, no tenant named)	0.031	self_test breakage 1: templates/otel/go/traceparent.go deleted
check	templates/database/*  (the contract, in the generated output, per language)	0.033	self_test breakage 1: templates/otel/go/traceparent.go deleted
check	templates/database/tenancy/*  (the account boundary, in the templates that enforce it)	0.034	self_test breakage 1: templates/otel/go/traceparent.go deleted
check	DECISIONS.md  (exists, records trades, and every reference resolves)	0.069	self_test breakage 1: templates/otel/go/traceparent.go deleted
check	bin/dev  (every command the documentation promises is one the script dispatches)	0.053	self_test breakage 1: templates/otel/go/traceparent.go deleted
check	postgres tag  (.env.example and compose agree, and it is not alpine)	0.029	self_test breakage 1: templates/otel/go/traceparent.go deleted
check	the cluster  (one database + role per service, wired end to end)	0.029	self_test breakage 1: templates/otel/go/traceparent.go deleted
check	kit harnesses  (every .env-writing harness declares its own tenant)	0.055	self_test breakage 1: templates/otel/go/traceparent.go deleted
check	the connection budget  (max_connections covers the declared topology)	0.030	self_test breakage 1: templates/otel/go/traceparent.go deleted
phase	static: every database snippet parses in its own language	1.451	self_test breakage 1: templates/otel/go/traceparent.go deleted
check	database/go/database.go.snippet  (parses as .go)	0.046	self_test breakage 1: templates/otel/go/traceparent.go deleted
check	database/python/database.py.snippet  (parses as .py)	0.073	self_test breakage 1: templates/otel/go/traceparent.go deleted
check	database/ruby/database.yml.snippet  (parses as .yml)	0.045	self_test breakage 1: templates/otel/go/traceparent.go deleted
check	database/elixir/repo.exs.snippet  (loads; stdlib only, as intended)	0.363	self_test breakage 1: templates/otel/go/traceparent.go deleted
check	database/rust/database.rs.snippet  (parses; crates unresolved, as expected)	0.115	self_test breakage 1: templates/otel/go/traceparent.go deleted
check	database/node/database.ts.snippet  (parses as .ts)	0.113	self_test breakage 1: templates/otel/go/traceparent.go deleted
check	templates/bin/dev.sh  (KIT_DEV_PROFILES= escape hatch actually runs)	0.368	self_test breakage 1: templates/otel/go/traceparent.go deleted
phase	static: the fleet adopts the stack rather than copying it	1.209	self_test breakage 1: templates/otel/go/traceparent.go deleted
check	fleet adoption (no cafaye repository on this machine — set KIT_FLEET=<dir>)	0.108	self_test breakage 1: templates/otel/go/traceparent.go deleted
check	templates/compose/ + bin/dev  (every vendor config mounts from the fetched tree)	0.033	self_test breakage 1: templates/otel/go/traceparent.go deleted
check	templates/bin/dev.sh + .env.example  (the pin is kit.ref, and the gate reads the same file)	0.033	self_test breakage 1: templates/otel/go/traceparent.go deleted
phase	static: the core fan-out standard	0.219	self_test breakage 1: templates/otel/go/traceparent.go deleted
check	core/vendir/ + core/renovate/  (structurally what Renovate and vendir need)	0.051	self_test breakage 1: templates/otel/go/traceparent.go deleted
phase	static: no adopting repository carries a D12/D13 workaround	0.080	self_test breakage 1: templates/otel/go/traceparent.go deleted
check	adopting repositories  (no fleet beside this one — set KIT_FLEET)	0.024	self_test breakage 1: templates/otel/go/traceparent.go deleted
phase	static: every YAML in the tree is yamllint clean	0.032	self_test breakage 1: templates/otel/go/traceparent.go deleted
cpu	.github/workflows/ci.yml  (yamllint -c lint/yamllint.yml)	0.098	self_test breakage 1: templates/otel/go/traceparent.go deleted
cpu	.github/zizmor.yml  (yamllint -c lint/yamllint.yml)	0.099	self_test breakage 1: templates/otel/go/traceparent.go deleted
cpu	.github/workflows/image.reusable.yml  (yamllint -c lint/yamllint.yml)	0.105	self_test breakage 1: templates/otel/go/traceparent.go deleted
cpu	.github/workflows/ci.reusable.yml  (yamllint -c lint/yamllint.yml)	0.181	self_test breakage 1: templates/otel/go/traceparent.go deleted
cpu	lint/rubocop.yml  (yamllint -c lint/yamllint.yml)	0.097	self_test breakage 1: templates/otel/go/traceparent.go deleted
cpu	core/release/release.yml  (yamllint -c lint/yamllint.yml)	0.107	self_test breakage 1: templates/otel/go/traceparent.go deleted
cpu	lint/hadolint.yaml  (yamllint -c lint/yamllint.yml)	0.106	self_test breakage 1: templates/otel/go/traceparent.go deleted
cpu	lint/golangci.yml  (yamllint -c lint/yamllint.yml)	0.108	self_test breakage 1: templates/otel/go/traceparent.go deleted
cpu	lint/yamllint.yml  (yamllint -c lint/yamllint.yml)	0.100	self_test breakage 1: templates/otel/go/traceparent.go deleted
cpu	templates/compose/grafana/provisioning/alerting/rules.yml  (yamllint -c lint/yamllint.yml)	0.101	self_test breakage 1: templates/otel/go/traceparent.go deleted
cpu	templates/compose/grafana/provisioning/dashboards/dashboards.yml  (yamllint -c lint/yamllint.yml)	0.104	self_test breakage 1: templates/otel/go/traceparent.go deleted
cpu	templates/compose/docker-compose.yml  (yamllint -c lint/yamllint.yml)	0.142	self_test breakage 1: templates/otel/go/traceparent.go deleted
cpu	templates/compose/grafana/provisioning/datasources/datasources.yml  (yamllint -c lint/yamllint.yml)	0.085	self_test breakage 1: templates/otel/go/traceparent.go deleted
cpu	templates/compose/mimir/mimir.yaml  (yamllint -c lint/yamllint.yml)	0.096	self_test breakage 1: templates/otel/go/traceparent.go deleted
cpu	templates/compose/loki/loki-config.yaml  (yamllint -c lint/yamllint.yml)	0.112	self_test breakage 1: templates/otel/go/traceparent.go deleted
cpu	templates/compose/otel-collector.yml  (yamllint -c lint/yamllint.yml)	0.145	self_test breakage 1: templates/otel/go/traceparent.go deleted
cpu	templates/compose/tempo/tempo.yaml  (yamllint -c lint/yamllint.yml)	0.118	self_test breakage 1: templates/otel/go/traceparent.go deleted
cpu	templates/deploy/compose.deploy.yml  (yamllint -c lint/yamllint.yml)	0.102	self_test breakage 1: templates/otel/go/traceparent.go deleted
cpu	templates/deploy/reference/courier.deploy.yml  (yamllint -c lint/yamllint.yml)	0.105	self_test breakage 1: templates/otel/go/traceparent.go deleted
check	core/vendir/vendir.yml.template  (yamllint -c lint/yamllint.yml, under a non-.yml name)	0.081	self_test breakage 1: templates/otel/go/traceparent.go deleted
check	core/vendir/vendir.yml.muse  (yamllint -c lint/yamllint.yml, under a non-.yml name)	0.080	self_test breakage 1: templates/otel/go/traceparent.go deleted
check	core/vendir/vendir.yml.pantry  (yamllint -c lint/yamllint.yml, under a non-.yml name)	0.080	self_test breakage 1: templates/otel/go/traceparent.go deleted
check	core/vendir/vendir.yml.caf  (yamllint -c lint/yamllint.yml, under a non-.yml name)	0.081	self_test breakage 1: templates/otel/go/traceparent.go deleted
check	.github/workflows/ci.reusable.yml  (opt-in telemetry job, defaults intact)	0.081	self_test breakage 1: templates/otel/go/traceparent.go deleted
phase	static: every language declares a tier, and says how it is collected	1.404	self_test breakage 1: templates/otel/go/traceparent.go deleted
check	templates/tier/<lang>/  (a declared tier, and a README row naming the collector)	0.079	self_test breakage 1: templates/otel/go/traceparent.go deleted
check	.github/workflows/ci.reusable.yml  (required-tier is declared, demanded by every language job, and identical)	0.077	self_test breakage 1: templates/otel/go/traceparent.go deleted
phase	static: lint runs from kit, not from a copy	0.203	self_test breakage 1: templates/otel/go/traceparent.go deleted
check	lint/ + the workflow  (every lint step is a gate on kit config)	0.082	self_test breakage 1: templates/otel/go/traceparent.go deleted
check	the seam  (narrow, guarded before the linter, and wired to it)	0.077	self_test breakage 1: templates/otel/go/traceparent.go deleted
check	lint drift  (a service config is compared to kit, not merely forbidden)	0.050	self_test breakage 1: templates/otel/go/traceparent.go deleted
check	templates/tier/skip-allowlist  (reason, owner, since, until; unused entries fail)	0.033	self_test breakage 1: templates/otel/go/traceparent.go deleted
check	templates/parity-allowlist  (reason, owner, since, until; dead entries fail)	0.033	self_test breakage 1: templates/otel/go/traceparent.go deleted
check	tests/artifacts.json  (every declared source exists, for every language)	0.116	self_test breakage 1: templates/otel/go/traceparent.go deleted
check	tests/classify.py + tests/staleness.py  (stdlib only; the carve-out, enforced)	0.050	self_test breakage 1: templates/otel/go/traceparent.go deleted
check	.github/workflows/*  (no test report is ever cached)	0.034	self_test breakage 1: templates/otel/go/traceparent.go deleted
check	.github/workflows/ci.reusable.yml  (secrets job: not advisory, full history, not opt-in)	0.078	self_test breakage 1: templates/otel/go/traceparent.go deleted
check	README.md  (documents every new template)	0.034	self_test breakage 1: templates/otel/go/traceparent.go deleted
check	LICENSE  (MIT, and nothing in the tree can disagree with it)	0.034	self_test breakage 1: templates/otel/go/traceparent.go deleted
check	README.md  (its documented callers match the workflow inputs)	0.088	self_test breakage 1: templates/otel/go/traceparent.go deleted
check	reusable workflows  (callable: exists, on: workflow_call, docs agree)	0.184	self_test breakage 1: templates/otel/go/traceparent.go deleted
check	reusable workflows  (workflow_call inputs use only documented keys)	0.078	self_test breakage 1: templates/otel/go/traceparent.go deleted
phase	static: secrets — the scanner is present, configured, and can fail	1.271	self_test breakage 1: templates/otel/go/traceparent.go deleted
check	.gitleaks.toml  (allowlist only, every entry reasoned)	0.033	self_test breakage 1: templates/otel/go/traceparent.go deleted
check	no .gitleaksignore  (the allowlist is the committed config)	0.033	self_test breakage 1: templates/otel/go/traceparent.go deleted
check	tests/gitleaks_gate.sh  (finds a real secret, never prints it, reads history)	1.102	self_test breakage 1: templates/otel/go/traceparent.go deleted
check	.github/workflows/*  (no dangerous trigger, on parsed keys)	0.089	self_test breakage 1: templates/otel/go/traceparent.go deleted
check	.github/zizmor.yml  (unpinned-uses recorded, never baselined)	0.040	self_test breakage 1: templates/otel/go/traceparent.go deleted
check	.github/zizmor.yml  (every ignore entry carries a reason)	0.029	self_test breakage 1: templates/otel/go/traceparent.go deleted
check	gitleaks  (8.30.1, full history, --redact)	0.441	self_test breakage 1: templates/otel/go/traceparent.go deleted
phase	static: the canary harness — contract, adapter, and every artifact	1.899	self_test breakage 1: templates/otel/go/traceparent.go deleted
check	templates/secrets  (contract names all five vectors, states its limits)	0.031	self_test breakage 1: templates/otel/go/traceparent.go deleted
check	the canary  (never committed as a literal, anywhere)	0.049	self_test breakage 1: templates/otel/go/traceparent.go deleted
check	the canary  (unmistakably fake: prefixed, low-entropy, self-describing)	0.031	self_test breakage 1: templates/otel/go/traceparent.go deleted
check	the canary suite  (never prints the value it planted)	0.872	self_test breakage 1: templates/otel/go/traceparent.go deleted
phase	20 telemetry: the six traceparent suites, executed	1.067	self_test breakage 1: templates/otel/go/traceparent.go deleted
phase	30 observability: the claims worth nothing unexercised	0.008	self_test breakage 1: templates/otel/go/traceparent.go deleted
phase	40 classifier + staleness + fetch + tenancy, executed	0.008	self_test breakage 1: templates/otel/go/traceparent.go deleted
check	tests/classify_test.sh  (19 cases, incl. the fail-closed property)	1.421	self_test breakage 1: templates/otel/go/traceparent.go deleted
phase	fetch: the pinned kit ref resolves, and a moving one is refused	1.450	self_test breakage 1: templates/otel/go/traceparent.go deleted
check	tests/fetch_test.sh  (a pin fetches, a branch is refused, offline is real)	11.586	self_test breakage 1: templates/otel/go/traceparent.go deleted
phase	tenancy: how one shared cluster is split into per-service databases	11.616	self_test breakage 1: templates/otel/go/traceparent.go deleted
check	tests/multi_tenant_split_test.sh  (a second tenant is split, not fused; identifiers hold in every locale)	4.366	self_test breakage 1: templates/otel/go/traceparent.go deleted
phase	staleness: the fleet reporter tells the states apart	4.395	self_test breakage 1: templates/otel/go/traceparent.go deleted
check	tests/staleness_test.sh  (26 cases, incl. the red proof and the absent case)	8.678	self_test breakage 1: templates/otel/go/traceparent.go deleted
phase	50 lint: the four linters, run against fixtures that must fail them	8.692	self_test breakage 1: templates/otel/go/traceparent.go deleted
phase	lint: kit configs, executed against fixtures that must fail them	0.008	self_test breakage 1: templates/otel/go/traceparent.go deleted
check	lint_test.sh  (--no-lint)	0.030	self_test breakage 1: templates/otel/go/traceparent.go deleted
phase	60 self_test: n whole gates, one per breakage	0.028	self_test breakage 1: templates/otel/go/traceparent.go deleted
phase	70 summary	0.008	self_test breakage 1: templates/otel/go/traceparent.go deleted
phase	END OF RUN (no section header after this point)	0.008	self_test breakage 1: templates/otel/go/traceparent.go deleted
total	FULL RUN (first line of the script to the exit trap)	48.561	self_test breakage 1: templates/otel/go/traceparent.go deleted
phase	00 bootstrap: resolve the interpreter and install deps	0.043	self_test breakage 2: collector gains an exporter nobody read
phase	10 static: every artifact parses, and the strictness decisions hold	0.018	self_test breakage 2: collector gains an exporter nobody read
check	no tracked file carries a merge-conflict marker	0.015	self_test breakage 2: collector gains an exporter nobody read
phase	static: every artifact parses	0.043	self_test breakage 2: collector gains an exporter nobody read
cpu	lint/drift-allowlist  (every content line starts one entry)	0.018	self_test breakage 2: collector gains an exporter nobody read
cpu	.github/workflows/ci.yml  (yaml.safe_load)	0.043	self_test breakage 2: collector gains an exporter nobody read
cpu	.github/workflows/image.reusable.yml  (yaml.safe_load)	0.050	self_test breakage 2: collector gains an exporter nobody read
cpu	.github/workflows/ci.reusable.yml  (yaml.safe_load)	0.077	self_test breakage 2: collector gains an exporter nobody read
cpu	lint/rubocop.yml  (yaml.safe_load)	0.045	self_test breakage 2: collector gains an exporter nobody read
cpu	lint/hadolint.yaml  (yaml.safe_load)	0.048	self_test breakage 2: collector gains an exporter nobody read
cpu	lint/golangci.yml  (yaml.safe_load)	0.051	self_test breakage 2: collector gains an exporter nobody read
cpu	lint/eslint.config.mjs  (node --check)	0.085	self_test breakage 2: collector gains an exporter nobody read
cpu	templates/bin-prime/elixir.sh  (bash -n)	0.011	self_test breakage 2: collector gains an exporter nobody read
cpu	templates/bin-prime/bun.sh  (bash -n)	0.013	self_test breakage 2: collector gains an exporter nobody read
cpu	templates/bin-prime/go.sh  (bash -n)	0.014	self_test breakage 2: collector gains an exporter nobody read
cpu	lint/yamllint.yml  (yaml.safe_load)	0.043	self_test breakage 2: collector gains an exporter nobody read
cpu	templates/bin-prime/ruby.sh  (bash -n)	0.010	self_test breakage 2: collector gains an exporter nobody read
cpu	templates/bin-prime/node.sh  (bash -n)	0.011	self_test breakage 2: collector gains an exporter nobody read
cpu	templates/bin-prime/python.sh  (bash -n)	0.010	self_test breakage 2: collector gains an exporter nobody read
cpu	templates/bin-prime/rust.sh  (bash -n)	0.015	self_test breakage 2: collector gains an exporter nobody read
cpu	templates/kamal/drill.sh  (bash -n)	0.011	self_test breakage 2: collector gains an exporter nobody read
cpu	templates/compose/postgres/initdb/10-cluster.sh  (bash -n)	0.016	self_test breakage 2: collector gains an exporter nobody read
cpu	templates/compose/docker-compose.yml  (yaml.safe_load)	0.061	self_test breakage 2: collector gains an exporter nobody read
cpu	templates/compose/otel-collector.yml  (yaml.safe_load)	0.062	self_test breakage 2: collector gains an exporter nobody read
verdict	templates/database/tenancy/isolation.sql  (SQL; parsed by tests/tenancy_test.sh against a real Postgres)	0.011	self_test breakage 2: collector gains an exporter nobody read
cpu	templates/database/tenancy/assertions.txt  (every entry is an assertion name)	0.020	self_test breakage 2: collector gains an exporter nobody read
cpu	templates/database/contract.json  (json.loads)	0.033	self_test breakage 2: collector gains an exporter nobody read
verdict	templates/database/tenancy/README.md  (markdown; the presence check is its check)	0.008	self_test breakage 2: collector gains an exporter nobody read
verdict	templates/database/tenancy/substrate.sql  (SQL; parsed by tests/tenancy_test.sh against a real Postgres)	0.008	self_test breakage 2: collector gains an exporter nobody read
verdict	templates/tier/bun/tier.test.ts  (node --check cannot read TypeScript; needs a type-stripping parser)	0.009	self_test breakage 2: collector gains an exporter nobody read
cpu	templates/bin/dev.sh  (bash -n)	0.016	self_test breakage 2: collector gains an exporter nobody read
cpu	templates/bin/deploy.sh  (bash -n)	0.012	self_test breakage 2: collector gains an exporter nobody read
verdict	templates/tier/node/tier.test.ts  (node --check cannot read TypeScript; needs a type-stripping parser)	0.008	self_test breakage 2: collector gains an exporter nobody read
cpu	templates/tier/ruby/tier.rb  (ruby -c)	0.046	self_test breakage 2: collector gains an exporter nobody read
cpu	templates/tier/python/tier_db_test.py  (compile)	0.077	self_test breakage 2: collector gains an exporter nobody read
cpu	templates/tier/python/conftest.py  (compile)	0.089	self_test breakage 2: collector gains an exporter nobody read
cpu	templates/tier/elixir/tier.ex  (Code.string_to_quoted!)	0.285	self_test breakage 2: collector gains an exporter nobody read
cpu	tests/canary_test.sh  (bash -n)	0.012	self_test breakage 2: collector gains an exporter nobody read
cpu	tests/bootstrap.sh  (bash -n)	0.012	self_test breakage 2: collector gains an exporter nobody read
cpu	tests/classify_test.sh  (bash -n)	0.012	self_test breakage 2: collector gains an exporter nobody read
cpu	templates/tier/rust/tier.rs  (rustc --test)	0.663	self_test breakage 2: collector gains an exporter nobody read
cpu	tests/fetch_test.sh  (bash -n)	0.015	self_test breakage 2: collector gains an exporter nobody read
cpu	tests/gitleaks_gate.sh  (bash -n)	0.016	self_test breakage 2: collector gains an exporter nobody read
cpu	tests/isolation_test.sh  (bash -n)	0.014	self_test breakage 2: collector gains an exporter nobody read
cpu	tests/deploy_test.sh  (bash -n)	0.017	self_test breakage 2: collector gains an exporter nobody read
cpu	tests/kamal_test.sh  (bash -n)	0.016	self_test breakage 2: collector gains an exporter nobody read
cpu	tests/lint_test.sh  (bash -n)	0.019	self_test breakage 2: collector gains an exporter nobody read
cpu	tests/multi_tenant_split_test.sh  (bash -n)	0.016	self_test breakage 2: collector gains an exporter nobody read
cpu	tests/no_telemetry_in_readiness.sh  (bash -n)	0.016	self_test breakage 2: collector gains an exporter nobody read
cpu	tests/staleness_test.sh  (bash -n)	0.014	self_test breakage 2: collector gains an exporter nobody read
cpu	tests/stack_live_test.sh  (bash -n)	0.012	self_test breakage 2: collector gains an exporter nobody read
cpu	tests/self_test.sh  (bash -n)	0.021	self_test breakage 2: collector gains an exporter nobody read
cpu	tests/tenancy_test.sh  (bash -n)	0.014	self_test breakage 2: collector gains an exporter nobody read
cpu	tests/zizmor_gate.sh  (bash -n)	0.014	self_test breakage 2: collector gains an exporter nobody read
cpu	tests/validate.sh  (bash -n)	0.020	self_test breakage 2: collector gains an exporter nobody read
phase	static: handed-out scripts are executable	2.087	self_test breakage 2: collector gains an exporter nobody read
phase	static: shellcheck -S warning	0.013	self_test breakage 2: collector gains an exporter nobody read
cpu	templates/bin-prime/elixir.sh  (shellcheck -S warning)	0.066	self_test breakage 2: collector gains an exporter nobody read
cpu	templates/bin-prime/bun.sh  (shellcheck -S warning)	0.066	self_test breakage 2: collector gains an exporter nobody read
cpu	templates/bin-prime/node.sh  (shellcheck -S warning)	0.071	self_test breakage 2: collector gains an exporter nobody read
cpu	templates/bin-prime/go.sh  (shellcheck -S warning)	0.075	self_test breakage 2: collector gains an exporter nobody read
cpu	templates/bin-prime/python.sh  (shellcheck -S warning)	0.063	self_test breakage 2: collector gains an exporter nobody read
cpu	templates/bin-prime/rust.sh  (shellcheck -S warning)	0.056	self_test breakage 2: collector gains an exporter nobody read
cpu	templates/bin-prime/ruby.sh  (shellcheck -S warning)	0.071	self_test breakage 2: collector gains an exporter nobody read
cpu	templates/kamal/drill.sh  (shellcheck -S warning)	0.136	self_test breakage 2: collector gains an exporter nobody read
cpu	tests/bootstrap.sh  (shellcheck -S warning)	0.219	self_test breakage 2: collector gains an exporter nobody read
cpu	templates/bin/deploy.sh  (shellcheck -S warning)	0.472	self_test breakage 2: collector gains an exporter nobody read
cpu	templates/bin/dev.sh  (shellcheck -S warning)	0.426	self_test breakage 2: collector gains an exporter nobody read
cpu	tests/canary_test.sh  (shellcheck -S warning)	0.180	self_test breakage 2: collector gains an exporter nobody read
cpu	tests/classify_test.sh  (shellcheck -S warning)	0.150	self_test breakage 2: collector gains an exporter nobody read
cpu	tests/fetch_test.sh  (shellcheck -S warning)	0.210	self_test breakage 2: collector gains an exporter nobody read
cpu	tests/gitleaks_gate.sh  (shellcheck -S warning)	0.057	self_test breakage 2: collector gains an exporter nobody read
cpu	tests/isolation_test.sh  (shellcheck -S warning)	0.165	self_test breakage 2: collector gains an exporter nobody read
cpu	tests/deploy_test.sh  (shellcheck -S warning)	0.501	self_test breakage 2: collector gains an exporter nobody read
cpu	tests/multi_tenant_split_test.sh  (shellcheck -S warning)	0.135	self_test breakage 2: collector gains an exporter nobody read
cpu	tests/no_telemetry_in_readiness.sh  (shellcheck -S warning)	0.148	self_test breakage 2: collector gains an exporter nobody read
cpu	tests/kamal_test.sh  (shellcheck -S warning)	0.176	self_test breakage 2: collector gains an exporter nobody read
cpu	tests/lint_test.sh  (shellcheck -S warning)	0.183	self_test breakage 2: collector gains an exporter nobody read
cpu	tests/stack_live_test.sh  (shellcheck -S warning)	0.256	self_test breakage 2: collector gains an exporter nobody read
cpu	tests/tenancy_test.sh  (shellcheck -S warning)	0.247	self_test breakage 2: collector gains an exporter nobody read
cpu	tests/staleness_test.sh  (shellcheck -S warning)	0.332	self_test breakage 2: collector gains an exporter nobody read
cpu	tests/self_test.sh  (shellcheck -S warning)	0.902	self_test breakage 2: collector gains an exporter nobody read
cpu	tests/zizmor_gate.sh  (shellcheck -S warning)	0.047	self_test breakage 2: collector gains an exporter nobody read
cpu	tests/validate.sh  (shellcheck -S warning)	1.344	self_test breakage 2: collector gains an exporter nobody read
phase	static: templates/otel — every artifact is present	3.849	self_test breakage 2: collector gains an exporter nobody read
check	templates/otel/rust/traceparent.rs  (carries its own suite)	0.012	self_test breakage 2: collector gains an exporter nobody read
phase	static: templates/database/tenancy — every artifact is present	0.196	self_test breakage 2: collector gains an exporter nobody read
check	templates/database/tenancy/  (4 shared artifacts + 6 per-language drivers)	0.039	self_test breakage 2: collector gains an exporter nobody read
phase	static: templates/kamal — every artifact is present	0.049	self_test breakage 2: collector gains an exporter nobody read
check	templates/kamal/  (4 artifacts present, the set is whole)	0.038	self_test breakage 2: collector gains an exporter nobody read
check	the superseded custom backup toolchain  (it must be gone — kamal-backup is the standard)	0.008	self_test breakage 2: collector gains an exporter nobody read
check	kamal_test — 24 case(s), every one against the real binaries.	4.691	self_test breakage 2: collector gains an exporter nobody read
check	templates/otel/*/*.snippet  (installable, versioned, not vendored)	0.034	self_test breakage 2: collector gains an exporter nobody read
phase	static: the canary harness parses in Go	4.820	self_test breakage 2: collector gains an exporter nobody read
check	templates/secrets/go/canary_test.go  (gofmt parses)	0.034	self_test breakage 2: collector gains an exporter nobody read
check	templates/secrets/go/canary.go  (gofmt parses)	0.035	self_test breakage 2: collector gains an exporter nobody read
check	templates/secrets/go/print_shape_test.go  (gofmt parses)	0.035	self_test breakage 2: collector gains an exporter nobody read
check	templates/secrets/go/sweep.go  (gofmt parses)	0.038	self_test breakage 2: collector gains an exporter nobody read
check	templates/secrets/go/typecover_test.go  (gofmt parses)	0.032	self_test breakage 2: collector gains an exporter nobody read
check	templates/secrets/go/typecover.go  (gofmt parses)	0.033	self_test breakage 2: collector gains an exporter nobody read
check	templates/secrets/go/internal/leaky/creds.go  (gofmt parses)	0.032	self_test breakage 2: collector gains an exporter nobody read
check	templates/secrets/go/internal/safe/creds.go  (gofmt parses)	0.034	self_test breakage 2: collector gains an exporter nobody read
phase	static: every otel snippet parses in its own language	0.456	self_test breakage 2: collector gains an exporter nobody read
check	otel/go/otelhttp.go.snippet  (parses as .go)	0.050	self_test breakage 2: collector gains an exporter nobody read
check	otel/ruby/rack_middleware.rb.snippet  (parses as .rb)	0.040	self_test breakage 2: collector gains an exporter nobody read
check	otel/python/fastapi.py.snippet  (parses as .py)	0.078	self_test breakage 2: collector gains an exporter nobody read
check	otel/elixir/phoenix_telemetry.ex.snippet  (parses as .ex)	0.469	self_test breakage 2: collector gains an exporter nobody read
check	otel/rust/otel_client.rs.snippet  (parses; crates unresolved, as expected)	0.099	self_test breakage 2: collector gains an exporter nobody read
check	otel/node/hono.ts.snippet  (parses as .ts)	0.087	self_test breakage 2: collector gains an exporter nobody read
phase	static: templates declare no third-party dependency	0.884	self_test breakage 2: collector gains an exporter nobody read
check	templates/otel/go/go.mod  (no require)	0.014	self_test breakage 2: collector gains an exporter nobody read
check	templates/secrets/go/go.mod  (no require)	0.013	self_test breakage 2: collector gains an exporter nobody read
check	templates/otel/node/package.json  (not needed: node:test + stdlib)	0.009	self_test breakage 2: collector gains an exporter nobody read
phase	static: every Dockerfile is hadolint clean	0.094	self_test breakage 2: collector gains an exporter nobody read
check	docker/Dockerfile.bun  (hadolint)	0.057	self_test breakage 2: collector gains an exporter nobody read
check	docker/Dockerfile.elixir  (hadolint)	0.075	self_test breakage 2: collector gains an exporter nobody read
check	docker/Dockerfile.go  (hadolint)	0.045	self_test breakage 2: collector gains an exporter nobody read
check	docker/Dockerfile.node  (hadolint)	0.048	self_test breakage 2: collector gains an exporter nobody read
check	docker/Dockerfile.python  (hadolint)	0.063	self_test breakage 2: collector gains an exporter nobody read
check	docker/Dockerfile.ruby  (hadolint)	0.061	self_test breakage 2: collector gains an exporter nobody read
check	docker/Dockerfile.rust  (hadolint)	0.058	self_test breakage 2: collector gains an exporter nobody read
check	templates/compose/postgres/Dockerfile  (hadolint)	0.034	self_test breakage 2: collector gains an exporter nobody read
phase	static: every Dockerfile runs non-root on a pinned base	0.523	self_test breakage 2: collector gains an exporter nobody read
check	docker/Dockerfile.*  (non-root final stage, no :latest, no ADD)	0.032	self_test breakage 2: collector gains an exporter nobody read
phase	static: each Dockerfile documents its own non-root guarantee	0.057	self_test breakage 2: collector gains an exporter nobody read
check	docker/Dockerfile.*  (STRICTNESS NOTES state the non-root stage)	0.031	self_test breakage 2: collector gains an exporter nobody read
phase	static: every language ships all four artifacts	0.057	self_test breakage 2: collector gains an exporter nobody read
check	go  (Dockerfile + bin/prime present)	0.107	self_test breakage 2: collector gains an exporter nobody read
check	ruby  (Dockerfile + bin/prime present)	0.030	self_test breakage 2: collector gains an exporter nobody read
check	elixir  (Dockerfile + bin/prime present)	0.029	self_test breakage 2: collector gains an exporter nobody read
check	python  (Dockerfile + bin/prime present)	0.030	self_test breakage 2: collector gains an exporter nobody read
check	node  (Dockerfile + bin/prime present)	0.029	self_test breakage 2: collector gains an exporter nobody read
check	bun  (Dockerfile + bin/prime present)	0.030	self_test breakage 2: collector gains an exporter nobody read
check	rust  (Dockerfile + bin/prime present)	0.030	self_test breakage 2: collector gains an exporter nobody read
check	templates/mise.toml  (a [tools] pin per language)	0.077	self_test breakage 2: collector gains an exporter nobody read
phase	static: compose — the observability chokepoint	0.454	self_test breakage 2: collector gains an exporter nobody read
check	templates/compose/otel-collector.yml  (redaction first, env endpoints, no URL)	0.065	self_test breakage 2: collector gains an exporter nobody read
check	otel-collector allowlist vs core (core checkout not found — set KIT_CORE)	0.010	self_test breakage 2: collector gains an exporter nobody read
check	otel-collector signals  (exceptions as logs, not span events)	0.063	self_test breakage 2: collector gains an exporter nobody read
check	otel-collector degradation  (no queue, no retry, limiter first, health_check)	0.063	self_test breakage 2: collector gains an exporter nobody read
check	templates/compose/docker-compose.yml  (pinned, healthy, parameterized)	0.060	self_test breakage 2: collector gains an exporter nobody read
check	docker-compose.yml  (four AGPL backends, unmodified, pinned, bounded)	0.062	self_test breakage 2: collector gains an exporter nobody read
check	docker-compose.yml  (host ports all in the 15000-15999 block, no reuse)	0.061	self_test breakage 2: collector gains an exporter nobody read
check	compose + bin/dev  (telemetry is never in a readiness path)	0.062	self_test breakage 2: collector gains an exporter nobody read
check	templates/otel/*/*.snippet  (cafaye endpoint, on by default, free no-op)	0.039	self_test breakage 2: collector gains an exporter nobody read
check	grafana provisioning  (3 datasources, dashboards, alerting — all files)	0.049	self_test breakage 2: collector gains an exporter nobody read
check	grafana dashboards  (status is the predicate, error.type is a drill-down)	0.033	self_test breakage 2: collector gains an exporter nobody read
check	grafana panels  (every query names the backend that can answer it)	0.056	self_test breakage 2: collector gains an exporter nobody read
check	otel-collector env  (every ${env:} reaches the container)	0.088	self_test breakage 2: collector gains an exporter nobody read
check	templates/compose/.env.example  (every placeholder documented, no tenant named)	0.037	self_test breakage 2: collector gains an exporter nobody read
check	templates/database/*  (the contract, in the generated output, per language)	0.037	self_test breakage 2: collector gains an exporter nobody read
check	templates/database/tenancy/*  (the account boundary, in the templates that enforce it)	0.036	self_test breakage 2: collector gains an exporter nobody read
check	DECISIONS.md  (exists, records trades, and every reference resolves)	0.077	self_test breakage 2: collector gains an exporter nobody read
check	bin/dev  (every command the documentation promises is one the script dispatches)	0.056	self_test breakage 2: collector gains an exporter nobody read
check	postgres tag  (.env.example and compose agree, and it is not alpine)	0.030	self_test breakage 2: collector gains an exporter nobody read
check	the cluster  (one database + role per service, wired end to end)	0.030	self_test breakage 2: collector gains an exporter nobody read
check	kit harnesses  (every .env-writing harness declares its own tenant)	0.056	self_test breakage 2: collector gains an exporter nobody read
check	the connection budget  (max_connections covers the declared topology)	0.029	self_test breakage 2: collector gains an exporter nobody read
phase	static: every database snippet parses in its own language	1.510	self_test breakage 2: collector gains an exporter nobody read
check	database/go/database.go.snippet  (parses as .go)	0.044	self_test breakage 2: collector gains an exporter nobody read
check	database/python/database.py.snippet  (parses as .py)	0.068	self_test breakage 2: collector gains an exporter nobody read
check	database/ruby/database.yml.snippet  (parses as .yml)	0.042	self_test breakage 2: collector gains an exporter nobody read
check	database/elixir/repo.exs.snippet  (loads; stdlib only, as intended)	0.288	self_test breakage 2: collector gains an exporter nobody read
check	database/rust/database.rs.snippet  (parses; crates unresolved, as expected)	0.080	self_test breakage 2: collector gains an exporter nobody read
check	database/node/database.ts.snippet  (parses as .ts)	0.077	self_test breakage 2: collector gains an exporter nobody read
check	templates/bin/dev.sh  (KIT_DEV_PROFILES= escape hatch actually runs)	0.510	self_test breakage 2: collector gains an exporter nobody read
phase	static: the fleet adopts the stack rather than copying it	1.185	self_test breakage 2: collector gains an exporter nobody read
check	fleet adoption (no cafaye repository on this machine — set KIT_FLEET=<dir>)	0.109	self_test breakage 2: collector gains an exporter nobody read
check	templates/compose/ + bin/dev  (every vendor config mounts from the fetched tree)	0.046	self_test breakage 2: collector gains an exporter nobody read
check	templates/bin/dev.sh + .env.example  (the pin is kit.ref, and the gate reads the same file)	0.033	self_test breakage 2: collector gains an exporter nobody read
phase	static: the core fan-out standard	0.260	self_test breakage 2: collector gains an exporter nobody read
check	core/vendir/ + core/renovate/  (structurally what Renovate and vendir need)	0.070	self_test breakage 2: collector gains an exporter nobody read
phase	static: no adopting repository carries a D12/D13 workaround	0.105	self_test breakage 2: collector gains an exporter nobody read
check	adopting repositories  (no fleet beside this one — set KIT_FLEET)	0.031	self_test breakage 2: collector gains an exporter nobody read
phase	static: every YAML in the tree is yamllint clean	0.051	self_test breakage 2: collector gains an exporter nobody read
cpu	.github/workflows/ci.yml  (yamllint -c lint/yamllint.yml)	0.121	self_test breakage 2: collector gains an exporter nobody read
cpu	.github/zizmor.yml  (yamllint -c lint/yamllint.yml)	0.141	self_test breakage 2: collector gains an exporter nobody read
cpu	.github/workflows/image.reusable.yml  (yamllint -c lint/yamllint.yml)	0.148	self_test breakage 2: collector gains an exporter nobody read
cpu	.github/workflows/ci.reusable.yml  (yamllint -c lint/yamllint.yml)	0.227	self_test breakage 2: collector gains an exporter nobody read
cpu	lint/golangci.yml  (yamllint -c lint/yamllint.yml)	0.085	self_test breakage 2: collector gains an exporter nobody read
cpu	lint/hadolint.yaml  (yamllint -c lint/yamllint.yml)	0.091	self_test breakage 2: collector gains an exporter nobody read
cpu	lint/rubocop.yml  (yamllint -c lint/yamllint.yml)	0.096	self_test breakage 2: collector gains an exporter nobody read
cpu	core/release/release.yml  (yamllint -c lint/yamllint.yml)	0.100	self_test breakage 2: collector gains an exporter nobody read
cpu	lint/yamllint.yml  (yamllint -c lint/yamllint.yml)	0.104	self_test breakage 2: collector gains an exporter nobody read
cpu	templates/compose/grafana/provisioning/dashboards/dashboards.yml  (yamllint -c lint/yamllint.yml)	0.119	self_test breakage 2: collector gains an exporter nobody read
cpu	templates/compose/docker-compose.yml  (yamllint -c lint/yamllint.yml)	0.150	self_test breakage 2: collector gains an exporter nobody read
cpu	templates/compose/grafana/provisioning/alerting/rules.yml  (yamllint -c lint/yamllint.yml)	0.151	self_test breakage 2: collector gains an exporter nobody read
cpu	templates/compose/grafana/provisioning/datasources/datasources.yml  (yamllint -c lint/yamllint.yml)	0.103	self_test breakage 2: collector gains an exporter nobody read
cpu	templates/compose/loki/loki-config.yaml  (yamllint -c lint/yamllint.yml)	0.107	self_test breakage 2: collector gains an exporter nobody read
cpu	templates/compose/mimir/mimir.yaml  (yamllint -c lint/yamllint.yml)	0.108	self_test breakage 2: collector gains an exporter nobody read
cpu	templates/compose/otel-collector.yml  (yamllint -c lint/yamllint.yml)	0.148	self_test breakage 2: collector gains an exporter nobody read
cpu	templates/compose/tempo/tempo.yaml  (yamllint -c lint/yamllint.yml)	0.091	self_test breakage 2: collector gains an exporter nobody read
cpu	templates/deploy/compose.deploy.yml  (yamllint -c lint/yamllint.yml)	0.092	self_test breakage 2: collector gains an exporter nobody read
cpu	templates/deploy/reference/courier.deploy.yml  (yamllint -c lint/yamllint.yml)	0.101	self_test breakage 2: collector gains an exporter nobody read
check	core/vendir/vendir.yml.template  (yamllint -c lint/yamllint.yml, under a non-.yml name)	0.080	self_test breakage 2: collector gains an exporter nobody read
check	core/vendir/vendir.yml.muse  (yamllint -c lint/yamllint.yml, under a non-.yml name)	0.079	self_test breakage 2: collector gains an exporter nobody read
check	core/vendir/vendir.yml.pantry  (yamllint -c lint/yamllint.yml, under a non-.yml name)	0.079	self_test breakage 2: collector gains an exporter nobody read
check	core/vendir/vendir.yml.caf  (yamllint -c lint/yamllint.yml, under a non-.yml name)	0.080	self_test breakage 2: collector gains an exporter nobody read
check	.github/workflows/ci.reusable.yml  (opt-in telemetry job, defaults intact)	0.080	self_test breakage 2: collector gains an exporter nobody read
phase	static: every language declares a tier, and says how it is collected	1.455	self_test breakage 2: collector gains an exporter nobody read
check	templates/tier/<lang>/  (a declared tier, and a README row naming the collector)	0.080	self_test breakage 2: collector gains an exporter nobody read
check	.github/workflows/ci.reusable.yml  (required-tier is declared, demanded by every language job, and identical)	0.078	self_test breakage 2: collector gains an exporter nobody read
phase	static: lint runs from kit, not from a copy	0.206	self_test breakage 2: collector gains an exporter nobody read
check	lint/ + the workflow  (every lint step is a gate on kit config)	0.081	self_test breakage 2: collector gains an exporter nobody read
check	the seam  (narrow, guarded before the linter, and wired to it)	0.076	self_test breakage 2: collector gains an exporter nobody read
check	lint drift  (a service config is compared to kit, not merely forbidden)	0.048	self_test breakage 2: collector gains an exporter nobody read
check	templates/tier/skip-allowlist  (reason, owner, since, until; unused entries fail)	0.032	self_test breakage 2: collector gains an exporter nobody read
check	templates/parity-allowlist  (reason, owner, since, until; dead entries fail)	0.033	self_test breakage 2: collector gains an exporter nobody read
check	tests/artifacts.json  (every declared source exists, for every language)	0.118	self_test breakage 2: collector gains an exporter nobody read
check	tests/classify.py + tests/staleness.py  (stdlib only; the carve-out, enforced)	0.049	self_test breakage 2: collector gains an exporter nobody read
check	.github/workflows/*  (no test report is ever cached)	0.032	self_test breakage 2: collector gains an exporter nobody read
check	.github/workflows/ci.reusable.yml  (secrets job: not advisory, full history, not opt-in)	0.076	self_test breakage 2: collector gains an exporter nobody read
check	README.md  (documents every new template)	0.031	self_test breakage 2: collector gains an exporter nobody read
check	LICENSE  (MIT, and nothing in the tree can disagree with it)	0.031	self_test breakage 2: collector gains an exporter nobody read
check	README.md  (its documented callers match the workflow inputs)	0.088	self_test breakage 2: collector gains an exporter nobody read
check	reusable workflows  (callable: exists, on: workflow_call, docs agree)	0.182	self_test breakage 2: collector gains an exporter nobody read
check	reusable workflows  (workflow_call inputs use only documented keys)	0.073	self_test breakage 2: collector gains an exporter nobody read
phase	static: secrets — the scanner is present, configured, and can fail	1.237	self_test breakage 2: collector gains an exporter nobody read
check	.gitleaks.toml  (allowlist only, every entry reasoned)	0.031	self_test breakage 2: collector gains an exporter nobody read
check	no .gitleaksignore  (the allowlist is the committed config)	0.031	self_test breakage 2: collector gains an exporter nobody read
check	tests/gitleaks_gate.sh  (finds a real secret, never prints it, reads history)	1.189	self_test breakage 2: collector gains an exporter nobody read
check	.github/workflows/*  (no dangerous trigger, on parsed keys)	0.084	self_test breakage 2: collector gains an exporter nobody read
check	.github/zizmor.yml  (unpinned-uses recorded, never baselined)	0.043	self_test breakage 2: collector gains an exporter nobody read
check	.github/zizmor.yml  (every ignore entry carries a reason)	0.032	self_test breakage 2: collector gains an exporter nobody read
check	gitleaks  (8.30.1, full history, --redact)	0.480	self_test breakage 2: collector gains an exporter nobody read
phase	static: the canary harness — contract, adapter, and every artifact	2.017	self_test breakage 2: collector gains an exporter nobody read
check	templates/secrets  (contract names all five vectors, states its limits)	0.030	self_test breakage 2: collector gains an exporter nobody read
check	the canary  (never committed as a literal, anywhere)	0.046	self_test breakage 2: collector gains an exporter nobody read
check	the canary  (unmistakably fake: prefixed, low-entropy, self-describing)	0.030	self_test breakage 2: collector gains an exporter nobody read
check	the canary suite  (never prints the value it planted)	1.226	self_test breakage 2: collector gains an exporter nobody read
phase	20 telemetry: the six traceparent suites, executed	1.414	self_test breakage 2: collector gains an exporter nobody read
phase	30 observability: the claims worth nothing unexercised	0.007	self_test breakage 2: collector gains an exporter nobody read
phase	40 classifier + staleness + fetch + tenancy, executed	0.008	self_test breakage 2: collector gains an exporter nobody read
check	tests/classify_test.sh  (19 cases, incl. the fail-closed property)	1.452	self_test breakage 2: collector gains an exporter nobody read
phase	fetch: the pinned kit ref resolves, and a moving one is refused	1.495	self_test breakage 2: collector gains an exporter nobody read
check	tests/fetch_test.sh  (a pin fetches, a branch is refused, offline is real)	12.261	self_test breakage 2: collector gains an exporter nobody read
phase	tenancy: how one shared cluster is split into per-service databases	12.294	self_test breakage 2: collector gains an exporter nobody read
check	tests/multi_tenant_split_test.sh  (a second tenant is split, not fused; identifiers hold in every locale)	5.447	self_test breakage 2: collector gains an exporter nobody read
phase	staleness: the fleet reporter tells the states apart	5.476	self_test breakage 2: collector gains an exporter nobody read
check	tests/staleness_test.sh  (26 cases, incl. the red proof and the absent case)	10.219	self_test breakage 2: collector gains an exporter nobody read
phase	50 lint: the four linters, run against fixtures that must fail them	10.228	self_test breakage 2: collector gains an exporter nobody read
phase	lint: kit configs, executed against fixtures that must fail them	0.008	self_test breakage 2: collector gains an exporter nobody read
check	lint_test.sh  (--no-lint)	0.024	self_test breakage 2: collector gains an exporter nobody read
phase	60 self_test: n whole gates, one per breakage	0.025	self_test breakage 2: collector gains an exporter nobody read
phase	70 summary	0.008	self_test breakage 2: collector gains an exporter nobody read
phase	END OF RUN (no section header after this point)	0.008	self_test breakage 2: collector gains an exporter nobody read
total	FULL RUN (first line of the script to the exit trap)	52.648	self_test breakage 2: collector gains an exporter nobody read
phase	00 bootstrap: resolve the interpreter and install deps	0.037	self_test breakage 2b: the collector ships no exporter for tempo at all
phase	10 static: every artifact parses, and the strictness decisions hold	0.014	self_test breakage 2b: the collector ships no exporter for tempo at all
check	no tracked file carries a merge-conflict marker	0.016	self_test breakage 2b: the collector ships no exporter for tempo at all
phase	static: every artifact parses	0.046	self_test breakage 2b: the collector ships no exporter for tempo at all
cpu	lint/drift-allowlist  (every content line starts one entry)	0.016	self_test breakage 2b: the collector ships no exporter for tempo at all
cpu	.github/workflows/ci.yml  (yaml.safe_load)	0.042	self_test breakage 2b: the collector ships no exporter for tempo at all
cpu	.github/workflows/image.reusable.yml  (yaml.safe_load)	0.048	self_test breakage 2b: the collector ships no exporter for tempo at all
cpu	.github/workflows/ci.reusable.yml  (yaml.safe_load)	0.075	self_test breakage 2b: the collector ships no exporter for tempo at all
cpu	lint/rubocop.yml  (yaml.safe_load)	0.044	self_test breakage 2b: the collector ships no exporter for tempo at all
cpu	lint/hadolint.yaml  (yaml.safe_load)	0.045	self_test breakage 2b: the collector ships no exporter for tempo at all
cpu	lint/golangci.yml  (yaml.safe_load)	0.049	self_test breakage 2b: the collector ships no exporter for tempo at all
cpu	lint/eslint.config.mjs  (node --check)	0.079	self_test breakage 2b: the collector ships no exporter for tempo at all
cpu	templates/bin-prime/elixir.sh  (bash -n)	0.011	self_test breakage 2b: the collector ships no exporter for tempo at all
cpu	templates/bin-prime/go.sh  (bash -n)	0.011	self_test breakage 2b: the collector ships no exporter for tempo at all
cpu	templates/bin-prime/bun.sh  (bash -n)	0.013	self_test breakage 2b: the collector ships no exporter for tempo at all
cpu	lint/yamllint.yml  (yaml.safe_load)	0.042	self_test breakage 2b: the collector ships no exporter for tempo at all
cpu	templates/bin-prime/rust.sh  (bash -n)	0.011	self_test breakage 2b: the collector ships no exporter for tempo at all
cpu	templates/bin-prime/ruby.sh  (bash -n)	0.012	self_test breakage 2b: the collector ships no exporter for tempo at all
cpu	templates/bin-prime/node.sh  (bash -n)	0.014	self_test breakage 2b: the collector ships no exporter for tempo at all
cpu	templates/bin-prime/python.sh  (bash -n)	0.012	self_test breakage 2b: the collector ships no exporter for tempo at all
cpu	templates/kamal/drill.sh  (bash -n)	0.013	self_test breakage 2b: the collector ships no exporter for tempo at all
cpu	templates/compose/postgres/initdb/10-cluster.sh  (bash -n)	0.012	self_test breakage 2b: the collector ships no exporter for tempo at all
cpu	templates/compose/otel-collector.yml  (yaml.safe_load)	0.080	self_test breakage 2b: the collector ships no exporter for tempo at all
cpu	templates/compose/docker-compose.yml  (yaml.safe_load)	0.088	self_test breakage 2b: the collector ships no exporter for tempo at all
verdict	templates/database/tenancy/isolation.sql  (SQL; parsed by tests/tenancy_test.sh against a real Postgres)	0.009	self_test breakage 2b: the collector ships no exporter for tempo at all
cpu	templates/database/tenancy/assertions.txt  (every entry is an assertion name)	0.015	self_test breakage 2b: the collector ships no exporter for tempo at all
verdict	templates/database/tenancy/README.md  (markdown; the presence check is its check)	0.007	self_test breakage 2b: the collector ships no exporter for tempo at all
cpu	templates/database/contract.json  (json.loads)	0.036	self_test breakage 2b: the collector ships no exporter for tempo at all
verdict	templates/database/tenancy/substrate.sql  (SQL; parsed by tests/tenancy_test.sh against a real Postgres)	0.007	self_test breakage 2b: the collector ships no exporter for tempo at all
verdict	templates/tier/bun/tier.test.ts  (node --check cannot read TypeScript; needs a type-stripping parser)	0.009	self_test breakage 2b: the collector ships no exporter for tempo at all
cpu	templates/bin/deploy.sh  (bash -n)	0.013	self_test breakage 2b: the collector ships no exporter for tempo at all
cpu	templates/bin/dev.sh  (bash -n)	0.014	self_test breakage 2b: the collector ships no exporter for tempo at all
verdict	templates/tier/node/tier.test.ts  (node --check cannot read TypeScript; needs a type-stripping parser)	0.008	self_test breakage 2b: the collector ships no exporter for tempo at all
cpu	templates/tier/ruby/tier.rb  (ruby -c)	0.049	self_test breakage 2b: the collector ships no exporter for tempo at all
cpu	templates/tier/python/tier_db_test.py  (compile)	0.062	self_test breakage 2b: the collector ships no exporter for tempo at all
cpu	templates/tier/python/conftest.py  (compile)	0.064	self_test breakage 2b: the collector ships no exporter for tempo at all
cpu	templates/tier/elixir/tier.ex  (Code.string_to_quoted!)	0.242	self_test breakage 2b: the collector ships no exporter for tempo at all
cpu	tests/bootstrap.sh  (bash -n)	0.013	self_test breakage 2b: the collector ships no exporter for tempo at all
cpu	tests/classify_test.sh  (bash -n)	0.015	self_test breakage 2b: the collector ships no exporter for tempo at all
cpu	tests/canary_test.sh  (bash -n)	0.020	self_test breakage 2b: the collector ships no exporter for tempo at all
cpu	templates/tier/rust/tier.rs  (rustc --test)	0.663	self_test breakage 2b: the collector ships no exporter for tempo at all
cpu	tests/fetch_test.sh  (bash -n)	0.014	self_test breakage 2b: the collector ships no exporter for tempo at all
cpu	tests/deploy_test.sh  (bash -n)	0.018	self_test breakage 2b: the collector ships no exporter for tempo at all
cpu	tests/isolation_test.sh  (bash -n)	0.012	self_test breakage 2b: the collector ships no exporter for tempo at all
cpu	tests/gitleaks_gate.sh  (bash -n)	0.014	self_test breakage 2b: the collector ships no exporter for tempo at all
cpu	tests/kamal_test.sh  (bash -n)	0.015	self_test breakage 2b: the collector ships no exporter for tempo at all
cpu	tests/multi_tenant_split_test.sh  (bash -n)	0.013	self_test breakage 2b: the collector ships no exporter for tempo at all
cpu	tests/no_telemetry_in_readiness.sh  (bash -n)	0.018	self_test breakage 2b: the collector ships no exporter for tempo at all
cpu	tests/lint_test.sh  (bash -n)	0.023	self_test breakage 2b: the collector ships no exporter for tempo at all
cpu	tests/self_test.sh  (bash -n)	0.030	self_test breakage 2b: the collector ships no exporter for tempo at all
cpu	tests/stack_live_test.sh  (bash -n)	0.022	self_test breakage 2b: the collector ships no exporter for tempo at all
cpu	tests/staleness_test.sh  (bash -n)	0.025	self_test breakage 2b: the collector ships no exporter for tempo at all
cpu	tests/tenancy_test.sh  (bash -n)	0.022	self_test breakage 2b: the collector ships no exporter for tempo at all
cpu	tests/zizmor_gate.sh  (bash -n)	0.012	self_test breakage 2b: the collector ships no exporter for tempo at all
cpu	tests/validate.sh  (bash -n)	0.022	self_test breakage 2b: the collector ships no exporter for tempo at all
phase	static: handed-out scripts are executable	2.022	self_test breakage 2b: the collector ships no exporter for tempo at all
phase	static: shellcheck -S warning	0.009	self_test breakage 2b: the collector ships no exporter for tempo at all
cpu	templates/bin-prime/node.sh  (shellcheck -S warning)	0.057	self_test breakage 2b: the collector ships no exporter for tempo at all
cpu	templates/bin-prime/go.sh  (shellcheck -S warning)	0.055	self_test breakage 2b: the collector ships no exporter for tempo at all
cpu	templates/bin-prime/bun.sh  (shellcheck -S warning)	0.063	self_test breakage 2b: the collector ships no exporter for tempo at all
cpu	templates/bin-prime/elixir.sh  (shellcheck -S warning)	0.076	self_test breakage 2b: the collector ships no exporter for tempo at all
cpu	templates/bin-prime/python.sh  (shellcheck -S warning)	0.077	self_test breakage 2b: the collector ships no exporter for tempo at all
cpu	templates/bin-prime/ruby.sh  (shellcheck -S warning)	0.071	self_test breakage 2b: the collector ships no exporter for tempo at all
cpu	templates/bin-prime/rust.sh  (shellcheck -S warning)	0.080	self_test breakage 2b: the collector ships no exporter for tempo at all
cpu	templates/kamal/drill.sh  (shellcheck -S warning)	0.187	self_test breakage 2b: the collector ships no exporter for tempo at all
cpu	tests/bootstrap.sh  (shellcheck -S warning)	0.229	self_test breakage 2b: the collector ships no exporter for tempo at all
cpu	templates/bin/deploy.sh  (shellcheck -S warning)	0.445	self_test breakage 2b: the collector ships no exporter for tempo at all
cpu	templates/bin/dev.sh  (shellcheck -S warning)	0.404	self_test breakage 2b: the collector ships no exporter for tempo at all
cpu	tests/canary_test.sh  (shellcheck -S warning)	0.170	self_test breakage 2b: the collector ships no exporter for tempo at all
cpu	tests/classify_test.sh  (shellcheck -S warning)	0.167	self_test breakage 2b: the collector ships no exporter for tempo at all
cpu	tests/fetch_test.sh  (shellcheck -S warning)	0.203	self_test breakage 2b: the collector ships no exporter for tempo at all
cpu	tests/gitleaks_gate.sh  (shellcheck -S warning)	0.074	self_test breakage 2b: the collector ships no exporter for tempo at all
cpu	tests/isolation_test.sh  (shellcheck -S warning)	0.163	self_test breakage 2b: the collector ships no exporter for tempo at all
cpu	tests/deploy_test.sh  (shellcheck -S warning)	0.535	self_test breakage 2b: the collector ships no exporter for tempo at all
cpu	tests/no_telemetry_in_readiness.sh  (shellcheck -S warning)	0.123	self_test breakage 2b: the collector ships no exporter for tempo at all
cpu	tests/multi_tenant_split_test.sh  (shellcheck -S warning)	0.141	self_test breakage 2b: the collector ships no exporter for tempo at all
cpu	tests/lint_test.sh  (shellcheck -S warning)	0.173	self_test breakage 2b: the collector ships no exporter for tempo at all
cpu	tests/kamal_test.sh  (shellcheck -S warning)	0.179	self_test breakage 2b: the collector ships no exporter for tempo at all
cpu	tests/stack_live_test.sh  (shellcheck -S warning)	0.264	self_test breakage 2b: the collector ships no exporter for tempo at all
cpu	tests/tenancy_test.sh  (shellcheck -S warning)	0.274	self_test breakage 2b: the collector ships no exporter for tempo at all
cpu	tests/staleness_test.sh  (shellcheck -S warning)	0.326	self_test breakage 2b: the collector ships no exporter for tempo at all
cpu	tests/self_test.sh  (shellcheck -S warning)	0.916	self_test breakage 2b: the collector ships no exporter for tempo at all
cpu	tests/zizmor_gate.sh  (shellcheck -S warning)	0.046	self_test breakage 2b: the collector ships no exporter for tempo at all
cpu	tests/validate.sh  (shellcheck -S warning)	1.301	self_test breakage 2b: the collector ships no exporter for tempo at all
phase	static: templates/otel — every artifact is present	3.809	self_test breakage 2b: the collector ships no exporter for tempo at all
check	templates/otel/rust/traceparent.rs  (carries its own suite)	0.012	self_test breakage 2b: the collector ships no exporter for tempo at all
phase	static: templates/database/tenancy — every artifact is present	0.195	self_test breakage 2b: the collector ships no exporter for tempo at all
check	templates/database/tenancy/  (4 shared artifacts + 6 per-language drivers)	0.038	self_test breakage 2b: the collector ships no exporter for tempo at all
phase	static: templates/kamal — every artifact is present	0.048	self_test breakage 2b: the collector ships no exporter for tempo at all
check	templates/kamal/  (4 artifacts present, the set is whole)	0.037	self_test breakage 2b: the collector ships no exporter for tempo at all
check	the superseded custom backup toolchain  (it must be gone — kamal-backup is the standard)	0.008	self_test breakage 2b: the collector ships no exporter for tempo at all
check	kamal_test — 24 case(s), every one against the real binaries.	4.716	self_test breakage 2b: the collector ships no exporter for tempo at all
check	templates/otel/*/*.snippet  (installable, versioned, not vendored)	0.036	self_test breakage 2b: the collector ships no exporter for tempo at all
phase	static: the canary harness parses in Go	4.852	self_test breakage 2b: the collector ships no exporter for tempo at all
check	templates/secrets/go/canary_test.go  (gofmt parses)	0.034	self_test breakage 2b: the collector ships no exporter for tempo at all
check	templates/secrets/go/canary.go  (gofmt parses)	0.032	self_test breakage 2b: the collector ships no exporter for tempo at all
check	templates/secrets/go/print_shape_test.go  (gofmt parses)	0.033	self_test breakage 2b: the collector ships no exporter for tempo at all
check	templates/secrets/go/sweep.go  (gofmt parses)	0.030	self_test breakage 2b: the collector ships no exporter for tempo at all
check	templates/secrets/go/typecover_test.go  (gofmt parses)	0.031	self_test breakage 2b: the collector ships no exporter for tempo at all
check	templates/secrets/go/typecover.go  (gofmt parses)	0.031	self_test breakage 2b: the collector ships no exporter for tempo at all
check	templates/secrets/go/internal/leaky/creds.go  (gofmt parses)	0.031	self_test breakage 2b: the collector ships no exporter for tempo at all
check	templates/secrets/go/internal/safe/creds.go  (gofmt parses)	0.031	self_test breakage 2b: the collector ships no exporter for tempo at all
phase	static: every otel snippet parses in its own language	0.425	self_test breakage 2b: the collector ships no exporter for tempo at all
check	otel/go/otelhttp.go.snippet  (parses as .go)	0.050	self_test breakage 2b: the collector ships no exporter for tempo at all
check	otel/ruby/rack_middleware.rb.snippet  (parses as .rb)	0.040	self_test breakage 2b: the collector ships no exporter for tempo at all
check	otel/python/fastapi.py.snippet  (parses as .py)	0.076	self_test breakage 2b: the collector ships no exporter for tempo at all
check	otel/elixir/phoenix_telemetry.ex.snippet  (parses as .ex)	0.486	self_test breakage 2b: the collector ships no exporter for tempo at all
check	otel/rust/otel_client.rs.snippet  (parses; crates unresolved, as expected)	0.100	self_test breakage 2b: the collector ships no exporter for tempo at all
check	otel/node/hono.ts.snippet  (parses as .ts)	0.082	self_test breakage 2b: the collector ships no exporter for tempo at all
phase	static: templates declare no third-party dependency	0.892	self_test breakage 2b: the collector ships no exporter for tempo at all
check	templates/otel/go/go.mod  (no require)	0.013	self_test breakage 2b: the collector ships no exporter for tempo at all
check	templates/secrets/go/go.mod  (no require)	0.013	self_test breakage 2b: the collector ships no exporter for tempo at all
check	templates/otel/node/package.json  (not needed: node:test + stdlib)	0.007	self_test breakage 2b: the collector ships no exporter for tempo at all
phase	static: every Dockerfile is hadolint clean	0.088	self_test breakage 2b: the collector ships no exporter for tempo at all
check	docker/Dockerfile.bun  (hadolint)	0.053	self_test breakage 2b: the collector ships no exporter for tempo at all
check	docker/Dockerfile.elixir  (hadolint)	0.058	self_test breakage 2b: the collector ships no exporter for tempo at all
check	docker/Dockerfile.go  (hadolint)	0.051	self_test breakage 2b: the collector ships no exporter for tempo at all
check	docker/Dockerfile.node  (hadolint)	0.046	self_test breakage 2b: the collector ships no exporter for tempo at all
check	docker/Dockerfile.python  (hadolint)	0.061	self_test breakage 2b: the collector ships no exporter for tempo at all
check	docker/Dockerfile.ruby  (hadolint)	0.057	self_test breakage 2b: the collector ships no exporter for tempo at all
check	docker/Dockerfile.rust  (hadolint)	0.057	self_test breakage 2b: the collector ships no exporter for tempo at all
check	templates/compose/postgres/Dockerfile  (hadolint)	0.034	self_test breakage 2b: the collector ships no exporter for tempo at all
phase	static: every Dockerfile runs non-root on a pinned base	0.505	self_test breakage 2b: the collector ships no exporter for tempo at all
check	docker/Dockerfile.*  (non-root final stage, no :latest, no ADD)	0.032	self_test breakage 2b: the collector ships no exporter for tempo at all
phase	static: each Dockerfile documents its own non-root guarantee	0.057	self_test breakage 2b: the collector ships no exporter for tempo at all
check	docker/Dockerfile.*  (STRICTNESS NOTES state the non-root stage)	0.030	self_test breakage 2b: the collector ships no exporter for tempo at all
phase	static: every language ships all four artifacts	0.056	self_test breakage 2b: the collector ships no exporter for tempo at all
check	go  (Dockerfile + bin/prime present)	0.108	self_test breakage 2b: the collector ships no exporter for tempo at all
check	ruby  (Dockerfile + bin/prime present)	0.030	self_test breakage 2b: the collector ships no exporter for tempo at all
check	elixir  (Dockerfile + bin/prime present)	0.031	self_test breakage 2b: the collector ships no exporter for tempo at all
check	python  (Dockerfile + bin/prime present)	0.029	self_test breakage 2b: the collector ships no exporter for tempo at all
check	node  (Dockerfile + bin/prime present)	0.031	self_test breakage 2b: the collector ships no exporter for tempo at all
check	bun  (Dockerfile + bin/prime present)	0.030	self_test breakage 2b: the collector ships no exporter for tempo at all
check	rust  (Dockerfile + bin/prime present)	0.030	self_test breakage 2b: the collector ships no exporter for tempo at all
check	templates/mise.toml  (a [tools] pin per language)	0.079	self_test breakage 2b: the collector ships no exporter for tempo at all
phase	static: compose — the observability chokepoint	0.461	self_test breakage 2b: the collector ships no exporter for tempo at all
check	templates/compose/otel-collector.yml  (redaction first, env endpoints, no URL)	0.063	self_test breakage 2b: the collector ships no exporter for tempo at all
check	otel-collector allowlist vs core (core checkout not found — set KIT_CORE)	0.011	self_test breakage 2b: the collector ships no exporter for tempo at all
check	otel-collector signals  (exceptions as logs, not span events)	0.062	self_test breakage 2b: the collector ships no exporter for tempo at all
check	otel-collector degradation  (no queue, no retry, limiter first, health_check)	0.061	self_test breakage 2b: the collector ships no exporter for tempo at all
check	templates/compose/docker-compose.yml  (pinned, healthy, parameterized)	0.061	self_test breakage 2b: the collector ships no exporter for tempo at all
check	docker-compose.yml  (four AGPL backends, unmodified, pinned, bounded)	0.061	self_test breakage 2b: the collector ships no exporter for tempo at all
check	docker-compose.yml  (host ports all in the 15000-15999 block, no reuse)	0.063	self_test breakage 2b: the collector ships no exporter for tempo at all
check	compose + bin/dev  (telemetry is never in a readiness path)	0.062	self_test breakage 2b: the collector ships no exporter for tempo at all
check	templates/otel/*/*.snippet  (cafaye endpoint, on by default, free no-op)	0.039	self_test breakage 2b: the collector ships no exporter for tempo at all
check	grafana provisioning  (3 datasources, dashboards, alerting — all files)	0.049	self_test breakage 2b: the collector ships no exporter for tempo at all
check	grafana dashboards  (status is the predicate, error.type is a drill-down)	0.033	self_test breakage 2b: the collector ships no exporter for tempo at all
check	grafana panels  (every query names the backend that can answer it)	0.056	self_test breakage 2b: the collector ships no exporter for tempo at all
check	otel-collector env  (every ${env:} reaches the container)	0.082	self_test breakage 2b: the collector ships no exporter for tempo at all
check	templates/compose/.env.example  (every placeholder documented, no tenant named)	0.031	self_test breakage 2b: the collector ships no exporter for tempo at all
check	templates/database/*  (the contract, in the generated output, per language)	0.035	self_test breakage 2b: the collector ships no exporter for tempo at all
check	templates/database/tenancy/*  (the account boundary, in the templates that enforce it)	0.037	self_test breakage 2b: the collector ships no exporter for tempo at all
check	DECISIONS.md  (exists, records trades, and every reference resolves)	0.073	self_test breakage 2b: the collector ships no exporter for tempo at all
check	bin/dev  (every command the documentation promises is one the script dispatches)	0.056	self_test breakage 2b: the collector ships no exporter for tempo at all
check	postgres tag  (.env.example and compose agree, and it is not alpine)	0.030	self_test breakage 2b: the collector ships no exporter for tempo at all
check	the cluster  (one database + role per service, wired end to end)	0.030	self_test breakage 2b: the collector ships no exporter for tempo at all
check	kit harnesses  (every .env-writing harness declares its own tenant)	0.058	self_test breakage 2b: the collector ships no exporter for tempo at all
check	the connection budget  (max_connections covers the declared topology)	0.033	self_test breakage 2b: the collector ships no exporter for tempo at all
phase	static: every database snippet parses in its own language	1.495	self_test breakage 2b: the collector ships no exporter for tempo at all
check	database/go/database.go.snippet  (parses as .go)	0.050	self_test breakage 2b: the collector ships no exporter for tempo at all
check	database/python/database.py.snippet  (parses as .py)	0.073	self_test breakage 2b: the collector ships no exporter for tempo at all
check	database/ruby/database.yml.snippet  (parses as .yml)	0.046	self_test breakage 2b: the collector ships no exporter for tempo at all
check	database/elixir/repo.exs.snippet  (loads; stdlib only, as intended)	0.379	self_test breakage 2b: the collector ships no exporter for tempo at all
check	database/rust/database.rs.snippet  (parses; crates unresolved, as expected)	0.136	self_test breakage 2b: the collector ships no exporter for tempo at all
check	database/node/database.ts.snippet  (parses as .ts)	0.124	self_test breakage 2b: the collector ships no exporter for tempo at all
check	templates/bin/dev.sh  (KIT_DEV_PROFILES= escape hatch actually runs)	0.320	self_test breakage 2b: the collector ships no exporter for tempo at all
phase	static: the fleet adopts the stack rather than copying it	1.241	self_test breakage 2b: the collector ships no exporter for tempo at all
check	fleet adoption (no cafaye repository on this machine — set KIT_FLEET=<dir>)	0.108	self_test breakage 2b: the collector ships no exporter for tempo at all
check	templates/compose/ + bin/dev  (every vendor config mounts from the fetched tree)	0.034	self_test breakage 2b: the collector ships no exporter for tempo at all
check	templates/bin/dev.sh + .env.example  (the pin is kit.ref, and the gate reads the same file)	0.030	self_test breakage 2b: the collector ships no exporter for tempo at all
phase	static: the core fan-out standard	0.219	self_test breakage 2b: the collector ships no exporter for tempo at all
check	core/vendir/ + core/renovate/  (structurally what Renovate and vendir need)	0.051	self_test breakage 2b: the collector ships no exporter for tempo at all
phase	static: no adopting repository carries a D12/D13 workaround	0.081	self_test breakage 2b: the collector ships no exporter for tempo at all
check	adopting repositories  (no fleet beside this one — set KIT_FLEET)	0.025	self_test breakage 2b: the collector ships no exporter for tempo at all
phase	static: every YAML in the tree is yamllint clean	0.032	self_test breakage 2b: the collector ships no exporter for tempo at all
cpu	.github/zizmor.yml  (yamllint -c lint/yamllint.yml)	0.099	self_test breakage 2b: the collector ships no exporter for tempo at all
cpu	.github/workflows/ci.yml  (yamllint -c lint/yamllint.yml)	0.099	self_test breakage 2b: the collector ships no exporter for tempo at all
cpu	.github/workflows/image.reusable.yml  (yamllint -c lint/yamllint.yml)	0.127	self_test breakage 2b: the collector ships no exporter for tempo at all
cpu	.github/workflows/ci.reusable.yml  (yamllint -c lint/yamllint.yml)	0.183	self_test breakage 2b: the collector ships no exporter for tempo at all
cpu	lint/hadolint.yaml  (yamllint -c lint/yamllint.yml)	0.103	self_test breakage 2b: the collector ships no exporter for tempo at all
cpu	lint/rubocop.yml  (yamllint -c lint/yamllint.yml)	0.101	self_test breakage 2b: the collector ships no exporter for tempo at all
cpu	core/release/release.yml  (yamllint -c lint/yamllint.yml)	0.109	self_test breakage 2b: the collector ships no exporter for tempo at all
cpu	lint/golangci.yml  (yamllint -c lint/yamllint.yml)	0.106	self_test breakage 2b: the collector ships no exporter for tempo at all
cpu	templates/compose/grafana/provisioning/dashboards/dashboards.yml  (yamllint -c lint/yamllint.yml)	0.092	self_test breakage 2b: the collector ships no exporter for tempo at all
cpu	lint/yamllint.yml  (yamllint -c lint/yamllint.yml)	0.097	self_test breakage 2b: the collector ships no exporter for tempo at all
cpu	templates/compose/grafana/provisioning/alerting/rules.yml  (yamllint -c lint/yamllint.yml)	0.123	self_test breakage 2b: the collector ships no exporter for tempo at all
cpu	templates/compose/docker-compose.yml  (yamllint -c lint/yamllint.yml)	0.151	self_test breakage 2b: the collector ships no exporter for tempo at all
cpu	templates/compose/grafana/provisioning/datasources/datasources.yml  (yamllint -c lint/yamllint.yml)	0.101	self_test breakage 2b: the collector ships no exporter for tempo at all
cpu	templates/compose/loki/loki-config.yaml  (yamllint -c lint/yamllint.yml)	0.102	self_test breakage 2b: the collector ships no exporter for tempo at all
cpu	templates/compose/mimir/mimir.yaml  (yamllint -c lint/yamllint.yml)	0.102	self_test breakage 2b: the collector ships no exporter for tempo at all
cpu	templates/compose/otel-collector.yml  (yamllint -c lint/yamllint.yml)	0.138	self_test breakage 2b: the collector ships no exporter for tempo at all
cpu	templates/compose/tempo/tempo.yaml  (yamllint -c lint/yamllint.yml)	0.102	self_test breakage 2b: the collector ships no exporter for tempo at all
cpu	templates/deploy/compose.deploy.yml  (yamllint -c lint/yamllint.yml)	0.097	self_test breakage 2b: the collector ships no exporter for tempo at all
cpu	templates/deploy/reference/courier.deploy.yml  (yamllint -c lint/yamllint.yml)	0.102	self_test breakage 2b: the collector ships no exporter for tempo at all
check	core/vendir/vendir.yml.template  (yamllint -c lint/yamllint.yml, under a non-.yml name)	0.082	self_test breakage 2b: the collector ships no exporter for tempo at all
check	core/vendir/vendir.yml.muse  (yamllint -c lint/yamllint.yml, under a non-.yml name)	0.080	self_test breakage 2b: the collector ships no exporter for tempo at all
check	core/vendir/vendir.yml.pantry  (yamllint -c lint/yamllint.yml, under a non-.yml name)	0.080	self_test breakage 2b: the collector ships no exporter for tempo at all
check	core/vendir/vendir.yml.caf  (yamllint -c lint/yamllint.yml, under a non-.yml name)	0.082	self_test breakage 2b: the collector ships no exporter for tempo at all
check	.github/workflows/ci.reusable.yml  (opt-in telemetry job, defaults intact)	0.081	self_test breakage 2b: the collector ships no exporter for tempo at all
phase	static: every language declares a tier, and says how it is collected	1.408	self_test breakage 2b: the collector ships no exporter for tempo at all
check	templates/tier/<lang>/  (a declared tier, and a README row naming the collector)	0.079	self_test breakage 2b: the collector ships no exporter for tempo at all
check	.github/workflows/ci.reusable.yml  (required-tier is declared, demanded by every language job, and identical)	0.079	self_test breakage 2b: the collector ships no exporter for tempo at all
phase	static: lint runs from kit, not from a copy	0.205	self_test breakage 2b: the collector ships no exporter for tempo at all
check	lint/ + the workflow  (every lint step is a gate on kit config)	0.082	self_test breakage 2b: the collector ships no exporter for tempo at all
check	the seam  (narrow, guarded before the linter, and wired to it)	0.078	self_test breakage 2b: the collector ships no exporter for tempo at all
check	lint drift  (a service config is compared to kit, not merely forbidden)	0.051	self_test breakage 2b: the collector ships no exporter for tempo at all
check	templates/tier/skip-allowlist  (reason, owner, since, until; unused entries fail)	0.033	self_test breakage 2b: the collector ships no exporter for tempo at all
check	templates/parity-allowlist  (reason, owner, since, until; dead entries fail)	0.033	self_test breakage 2b: the collector ships no exporter for tempo at all
check	tests/artifacts.json  (every declared source exists, for every language)	0.119	self_test breakage 2b: the collector ships no exporter for tempo at all
check	tests/classify.py + tests/staleness.py  (stdlib only; the carve-out, enforced)	0.051	self_test breakage 2b: the collector ships no exporter for tempo at all
check	.github/workflows/*  (no test report is ever cached)	0.033	self_test breakage 2b: the collector ships no exporter for tempo at all
check	.github/workflows/ci.reusable.yml  (secrets job: not advisory, full history, not opt-in)	0.078	self_test breakage 2b: the collector ships no exporter for tempo at all
check	README.md  (documents every new template)	0.036	self_test breakage 2b: the collector ships no exporter for tempo at all
check	LICENSE  (MIT, and nothing in the tree can disagree with it)	0.033	self_test breakage 2b: the collector ships no exporter for tempo at all
check	README.md  (its documented callers match the workflow inputs)	0.087	self_test breakage 2b: the collector ships no exporter for tempo at all
check	reusable workflows  (callable: exists, on: workflow_call, docs agree)	0.188	self_test breakage 2b: the collector ships no exporter for tempo at all
check	reusable workflows  (workflow_call inputs use only documented keys)	0.088	self_test breakage 2b: the collector ships no exporter for tempo at all
phase	static: secrets — the scanner is present, configured, and can fail	1.298	self_test breakage 2b: the collector ships no exporter for tempo at all
check	.gitleaks.toml  (allowlist only, every entry reasoned)	0.033	self_test breakage 2b: the collector ships no exporter for tempo at all
check	no .gitleaksignore  (the allowlist is the committed config)	0.033	self_test breakage 2b: the collector ships no exporter for tempo at all
check	tests/gitleaks_gate.sh  (finds a real secret, never prints it, reads history)	1.107	self_test breakage 2b: the collector ships no exporter for tempo at all
check	.github/workflows/*  (no dangerous trigger, on parsed keys)	0.085	self_test breakage 2b: the collector ships no exporter for tempo at all
check	.github/zizmor.yml  (unpinned-uses recorded, never baselined)	0.041	self_test breakage 2b: the collector ships no exporter for tempo at all
check	.github/zizmor.yml  (every ignore entry carries a reason)	0.028	self_test breakage 2b: the collector ships no exporter for tempo at all
check	gitleaks  (8.30.1, full history, --redact)	0.451	self_test breakage 2b: the collector ships no exporter for tempo at all
phase	static: the canary harness — contract, adapter, and every artifact	1.902	self_test breakage 2b: the collector ships no exporter for tempo at all
check	templates/secrets  (contract names all five vectors, states its limits)	0.029	self_test breakage 2b: the collector ships no exporter for tempo at all
check	the canary  (never committed as a literal, anywhere)	0.049	self_test breakage 2b: the collector ships no exporter for tempo at all
check	the canary  (unmistakably fake: prefixed, low-entropy, self-describing)	0.031	self_test breakage 2b: the collector ships no exporter for tempo at all
check	the canary suite  (never prints the value it planted)	0.983	self_test breakage 2b: the collector ships no exporter for tempo at all
phase	20 telemetry: the six traceparent suites, executed	1.176	self_test breakage 2b: the collector ships no exporter for tempo at all
phase	30 observability: the claims worth nothing unexercised	0.008	self_test breakage 2b: the collector ships no exporter for tempo at all
phase	40 classifier + staleness + fetch + tenancy, executed	0.008	self_test breakage 2b: the collector ships no exporter for tempo at all
check	tests/classify_test.sh  (19 cases, incl. the fail-closed property)	1.408	self_test breakage 2b: the collector ships no exporter for tempo at all
phase	fetch: the pinned kit ref resolves, and a moving one is refused	1.435	self_test breakage 2b: the collector ships no exporter for tempo at all
check	tests/fetch_test.sh  (a pin fetches, a branch is refused, offline is real)	11.649	self_test breakage 2b: the collector ships no exporter for tempo at all
phase	tenancy: how one shared cluster is split into per-service databases	11.679	self_test breakage 2b: the collector ships no exporter for tempo at all
check	tests/multi_tenant_split_test.sh  (a second tenant is split, not fused; identifiers hold in every locale)	4.506	self_test breakage 2b: the collector ships no exporter for tempo at all
phase	staleness: the fleet reporter tells the states apart	4.535	self_test breakage 2b: the collector ships no exporter for tempo at all
check	tests/staleness_test.sh  (26 cases, incl. the red proof and the absent case)	8.734	self_test breakage 2b: the collector ships no exporter for tempo at all
phase	50 lint: the four linters, run against fixtures that must fail them	8.744	self_test breakage 2b: the collector ships no exporter for tempo at all
phase	lint: kit configs, executed against fixtures that must fail them	0.008	self_test breakage 2b: the collector ships no exporter for tempo at all
check	lint_test.sh  (--no-lint)	0.025	self_test breakage 2b: the collector ships no exporter for tempo at all
phase	60 self_test: n whole gates, one per breakage	0.027	self_test breakage 2b: the collector ships no exporter for tempo at all
phase	70 summary	0.008	self_test breakage 2b: the collector ships no exporter for tempo at all
phase	END OF RUN (no section header after this point)	0.008	self_test breakage 2b: the collector ships no exporter for tempo at all
total	FULL RUN (first line of the script to the exit trap)	49.041	self_test breakage 2b: the collector ships no exporter for tempo at all
phase	00 bootstrap: resolve the interpreter and install deps	0.040	self_test breakage 3: python codec stops preserving trace-flags
phase	10 static: every artifact parses, and the strictness decisions hold	0.014	self_test breakage 3: python codec stops preserving trace-flags
check	no tracked file carries a merge-conflict marker	0.014	self_test breakage 3: python codec stops preserving trace-flags
phase	static: every artifact parses	0.044	self_test breakage 3: python codec stops preserving trace-flags
cpu	lint/drift-allowlist  (every content line starts one entry)	0.020	self_test breakage 3: python codec stops preserving trace-flags
cpu	.github/workflows/ci.yml  (yaml.safe_load)	0.050	self_test breakage 3: python codec stops preserving trace-flags
cpu	.github/workflows/image.reusable.yml  (yaml.safe_load)	0.051	self_test breakage 3: python codec stops preserving trace-flags
cpu	.github/workflows/ci.reusable.yml  (yaml.safe_load)	0.086	self_test breakage 3: python codec stops preserving trace-flags
cpu	lint/golangci.yml  (yaml.safe_load)	0.049	self_test breakage 3: python codec stops preserving trace-flags
cpu	lint/hadolint.yaml  (yaml.safe_load)	0.053	self_test breakage 3: python codec stops preserving trace-flags
cpu	lint/rubocop.yml  (yaml.safe_load)	0.055	self_test breakage 3: python codec stops preserving trace-flags
cpu	lint/eslint.config.mjs  (node --check)	0.084	self_test breakage 3: python codec stops preserving trace-flags
cpu	templates/bin-prime/go.sh  (bash -n)	0.011	self_test breakage 3: python codec stops preserving trace-flags
cpu	templates/bin-prime/elixir.sh  (bash -n)	0.013	self_test breakage 3: python codec stops preserving trace-flags
cpu	templates/bin-prime/bun.sh  (bash -n)	0.011	self_test breakage 3: python codec stops preserving trace-flags
cpu	lint/yamllint.yml  (yaml.safe_load)	0.049	self_test breakage 3: python codec stops preserving trace-flags
cpu	templates/bin-prime/python.sh  (bash -n)	0.011	self_test breakage 3: python codec stops preserving trace-flags
cpu	templates/bin-prime/node.sh  (bash -n)	0.011	self_test breakage 3: python codec stops preserving trace-flags
cpu	templates/bin-prime/ruby.sh  (bash -n)	0.011	self_test breakage 3: python codec stops preserving trace-flags
cpu	templates/bin-prime/rust.sh  (bash -n)	0.017	self_test breakage 3: python codec stops preserving trace-flags
cpu	templates/kamal/drill.sh  (bash -n)	0.013	self_test breakage 3: python codec stops preserving trace-flags
cpu	templates/compose/postgres/initdb/10-cluster.sh  (bash -n)	0.011	self_test breakage 3: python codec stops preserving trace-flags
cpu	templates/compose/docker-compose.yml  (yaml.safe_load)	0.066	self_test breakage 3: python codec stops preserving trace-flags
cpu	templates/compose/otel-collector.yml  (yaml.safe_load)	0.070	self_test breakage 3: python codec stops preserving trace-flags
verdict	templates/database/tenancy/isolation.sql  (SQL; parsed by tests/tenancy_test.sh against a real Postgres)	0.009	self_test breakage 3: python codec stops preserving trace-flags
cpu	templates/database/tenancy/assertions.txt  (every entry is an assertion name)	0.030	self_test breakage 3: python codec stops preserving trace-flags
verdict	templates/database/tenancy/README.md  (markdown; the presence check is its check)	0.017	self_test breakage 3: python codec stops preserving trace-flags
cpu	templates/database/contract.json  (json.loads)	0.043	self_test breakage 3: python codec stops preserving trace-flags
verdict	templates/database/tenancy/substrate.sql  (SQL; parsed by tests/tenancy_test.sh against a real Postgres)	0.009	self_test breakage 3: python codec stops preserving trace-flags
verdict	templates/tier/bun/tier.test.ts  (node --check cannot read TypeScript; needs a type-stripping parser)	0.010	self_test breakage 3: python codec stops preserving trace-flags
cpu	templates/bin/deploy.sh  (bash -n)	0.013	self_test breakage 3: python codec stops preserving trace-flags
cpu	templates/bin/dev.sh  (bash -n)	0.016	self_test breakage 3: python codec stops preserving trace-flags
verdict	templates/tier/node/tier.test.ts  (node --check cannot read TypeScript; needs a type-stripping parser)	0.016	self_test breakage 3: python codec stops preserving trace-flags
cpu	templates/tier/ruby/tier.rb  (ruby -c)	0.081	self_test breakage 3: python codec stops preserving trace-flags
cpu	templates/tier/python/tier_db_test.py  (compile)	0.097	self_test breakage 3: python codec stops preserving trace-flags
cpu	templates/tier/python/conftest.py  (compile)	0.114	self_test breakage 3: python codec stops preserving trace-flags
cpu	templates/tier/elixir/tier.ex  (Code.string_to_quoted!)	0.354	self_test breakage 3: python codec stops preserving trace-flags
cpu	tests/bootstrap.sh  (bash -n)	0.023	self_test breakage 3: python codec stops preserving trace-flags
cpu	tests/classify_test.sh  (bash -n)	0.024	self_test breakage 3: python codec stops preserving trace-flags
cpu	tests/canary_test.sh  (bash -n)	0.023	self_test breakage 3: python codec stops preserving trace-flags
cpu	templates/tier/rust/tier.rs  (rustc --test)	0.775	self_test breakage 3: python codec stops preserving trace-flags
cpu	tests/gitleaks_gate.sh  (bash -n)	0.022	self_test breakage 3: python codec stops preserving trace-flags
cpu	tests/deploy_test.sh  (bash -n)	0.034	self_test breakage 3: python codec stops preserving trace-flags
cpu	tests/fetch_test.sh  (bash -n)	0.038	self_test breakage 3: python codec stops preserving trace-flags
cpu	tests/isolation_test.sh  (bash -n)	0.029	self_test breakage 3: python codec stops preserving trace-flags
cpu	tests/kamal_test.sh  (bash -n)	0.038	self_test breakage 3: python codec stops preserving trace-flags
cpu	tests/multi_tenant_split_test.sh  (bash -n)	0.044	self_test breakage 3: python codec stops preserving trace-flags
cpu	tests/lint_test.sh  (bash -n)	0.047	self_test breakage 3: python codec stops preserving trace-flags
cpu	tests/no_telemetry_in_readiness.sh  (bash -n)	0.041	self_test breakage 3: python codec stops preserving trace-flags
cpu	tests/tenancy_test.sh  (bash -n)	0.032	self_test breakage 3: python codec stops preserving trace-flags
cpu	tests/self_test.sh  (bash -n)	0.038	self_test breakage 3: python codec stops preserving trace-flags
cpu	tests/stack_live_test.sh  (bash -n)	0.032	self_test breakage 3: python codec stops preserving trace-flags
cpu	tests/staleness_test.sh  (bash -n)	0.048	self_test breakage 3: python codec stops preserving trace-flags
cpu	tests/zizmor_gate.sh  (bash -n)	0.015	self_test breakage 3: python codec stops preserving trace-flags
cpu	tests/validate.sh  (bash -n)	0.022	self_test breakage 3: python codec stops preserving trace-flags
phase	static: handed-out scripts are executable	2.312	self_test breakage 3: python codec stops preserving trace-flags
phase	static: shellcheck -S warning	0.009	self_test breakage 3: python codec stops preserving trace-flags
cpu	templates/bin-prime/elixir.sh  (shellcheck -S warning)	0.046	self_test breakage 3: python codec stops preserving trace-flags
cpu	templates/bin-prime/go.sh  (shellcheck -S warning)	0.045	self_test breakage 3: python codec stops preserving trace-flags
cpu	templates/bin-prime/node.sh  (shellcheck -S warning)	0.051	self_test breakage 3: python codec stops preserving trace-flags
cpu	templates/bin-prime/bun.sh  (shellcheck -S warning)	0.055	self_test breakage 3: python codec stops preserving trace-flags
cpu	templates/bin-prime/ruby.sh  (shellcheck -S warning)	0.051	self_test breakage 3: python codec stops preserving trace-flags
cpu	templates/bin-prime/rust.sh  (shellcheck -S warning)	0.057	self_test breakage 3: python codec stops preserving trace-flags
cpu	templates/bin-prime/python.sh  (shellcheck -S warning)	0.064	self_test breakage 3: python codec stops preserving trace-flags
cpu	templates/kamal/drill.sh  (shellcheck -S warning)	0.133	self_test breakage 3: python codec stops preserving trace-flags
cpu	tests/bootstrap.sh  (shellcheck -S warning)	0.206	self_test breakage 3: python codec stops preserving trace-flags
cpu	templates/bin/deploy.sh  (shellcheck -S warning)	0.385	self_test breakage 3: python codec stops preserving trace-flags
cpu	templates/bin/dev.sh  (shellcheck -S warning)	0.339	self_test breakage 3: python codec stops preserving trace-flags
cpu	tests/canary_test.sh  (shellcheck -S warning)	0.180	self_test breakage 3: python codec stops preserving trace-flags
cpu	tests/classify_test.sh  (shellcheck -S warning)	0.173	self_test breakage 3: python codec stops preserving trace-flags
cpu	tests/fetch_test.sh  (shellcheck -S warning)	0.209	self_test breakage 3: python codec stops preserving trace-flags
cpu	tests/gitleaks_gate.sh  (shellcheck -S warning)	0.054	self_test breakage 3: python codec stops preserving trace-flags
cpu	tests/isolation_test.sh  (shellcheck -S warning)	0.156	self_test breakage 3: python codec stops preserving trace-flags
cpu	tests/deploy_test.sh  (shellcheck -S warning)	0.531	self_test breakage 3: python codec stops preserving trace-flags
cpu	tests/no_telemetry_in_readiness.sh  (shellcheck -S warning)	0.137	self_test breakage 3: python codec stops preserving trace-flags
cpu	tests/multi_tenant_split_test.sh  (shellcheck -S warning)	0.143	self_test breakage 3: python codec stops preserving trace-flags
cpu	tests/lint_test.sh  (shellcheck -S warning)	0.177	self_test breakage 3: python codec stops preserving trace-flags
cpu	tests/kamal_test.sh  (shellcheck -S warning)	0.179	self_test breakage 3: python codec stops preserving trace-flags
cpu	tests/tenancy_test.sh  (shellcheck -S warning)	0.250	self_test breakage 3: python codec stops preserving trace-flags
cpu	tests/stack_live_test.sh  (shellcheck -S warning)	0.263	self_test breakage 3: python codec stops preserving trace-flags
cpu	tests/staleness_test.sh  (shellcheck -S warning)	0.338	self_test breakage 3: python codec stops preserving trace-flags
cpu	tests/self_test.sh  (shellcheck -S warning)	0.932	self_test breakage 3: python codec stops preserving trace-flags
cpu	tests/zizmor_gate.sh  (shellcheck -S warning)	0.046	self_test breakage 3: python codec stops preserving trace-flags
cpu	tests/validate.sh  (shellcheck -S warning)	1.332	self_test breakage 3: python codec stops preserving trace-flags
phase	static: templates/otel — every artifact is present	3.747	self_test breakage 3: python codec stops preserving trace-flags
check	templates/otel/rust/traceparent.rs  (carries its own suite)	0.013	self_test breakage 3: python codec stops preserving trace-flags
phase	static: templates/database/tenancy — every artifact is present	0.198	self_test breakage 3: python codec stops preserving trace-flags
check	templates/database/tenancy/  (4 shared artifacts + 6 per-language drivers)	0.037	self_test breakage 3: python codec stops preserving trace-flags
phase	static: templates/kamal — every artifact is present	0.048	self_test breakage 3: python codec stops preserving trace-flags
check	templates/kamal/  (4 artifacts present, the set is whole)	0.038	self_test breakage 3: python codec stops preserving trace-flags
check	the superseded custom backup toolchain  (it must be gone — kamal-backup is the standard)	0.008	self_test breakage 3: python codec stops preserving trace-flags
check	kamal_test — 24 case(s), every one against the real binaries.	4.704	self_test breakage 3: python codec stops preserving trace-flags
check	templates/otel/*/*.snippet  (installable, versioned, not vendored)	0.034	self_test breakage 3: python codec stops preserving trace-flags
phase	static: the canary harness parses in Go	4.836	self_test breakage 3: python codec stops preserving trace-flags
check	templates/secrets/go/canary_test.go  (gofmt parses)	0.033	self_test breakage 3: python codec stops preserving trace-flags
check	templates/secrets/go/canary.go  (gofmt parses)	0.032	self_test breakage 3: python codec stops preserving trace-flags
check	templates/secrets/go/print_shape_test.go  (gofmt parses)	0.032	self_test breakage 3: python codec stops preserving trace-flags
check	templates/secrets/go/sweep.go  (gofmt parses)	0.033	self_test breakage 3: python codec stops preserving trace-flags
check	templates/secrets/go/typecover_test.go  (gofmt parses)	0.033	self_test breakage 3: python codec stops preserving trace-flags
check	templates/secrets/go/typecover.go  (gofmt parses)	0.035	self_test breakage 3: python codec stops preserving trace-flags
check	templates/secrets/go/internal/leaky/creds.go  (gofmt parses)	0.033	self_test breakage 3: python codec stops preserving trace-flags
check	templates/secrets/go/internal/safe/creds.go  (gofmt parses)	0.033	self_test breakage 3: python codec stops preserving trace-flags
phase	static: every otel snippet parses in its own language	0.441	self_test breakage 3: python codec stops preserving trace-flags
check	otel/go/otelhttp.go.snippet  (parses as .go)	0.053	self_test breakage 3: python codec stops preserving trace-flags
check	otel/ruby/rack_middleware.rb.snippet  (parses as .rb)	0.041	self_test breakage 3: python codec stops preserving trace-flags
check	otel/python/fastapi.py.snippet  (parses as .py)	0.078	self_test breakage 3: python codec stops preserving trace-flags
check	otel/elixir/phoenix_telemetry.ex.snippet  (parses as .ex)	0.466	self_test breakage 3: python codec stops preserving trace-flags
check	otel/rust/otel_client.rs.snippet  (parses; crates unresolved, as expected)	0.100	self_test breakage 3: python codec stops preserving trace-flags
check	otel/node/hono.ts.snippet  (parses as .ts)	0.086	self_test breakage 3: python codec stops preserving trace-flags
phase	static: templates declare no third-party dependency	0.884	self_test breakage 3: python codec stops preserving trace-flags
check	templates/otel/go/go.mod  (no require)	0.012	self_test breakage 3: python codec stops preserving trace-flags
check	templates/secrets/go/go.mod  (no require)	0.013	self_test breakage 3: python codec stops preserving trace-flags
check	templates/otel/node/package.json  (not needed: node:test + stdlib)	0.008	self_test breakage 3: python codec stops preserving trace-flags
phase	static: every Dockerfile is hadolint clean	0.089	self_test breakage 3: python codec stops preserving trace-flags
check	docker/Dockerfile.bun  (hadolint)	0.056	self_test breakage 3: python codec stops preserving trace-flags
check	docker/Dockerfile.elixir  (hadolint)	0.067	self_test breakage 3: python codec stops preserving trace-flags
check	docker/Dockerfile.go  (hadolint)	0.050	self_test breakage 3: python codec stops preserving trace-flags
check	docker/Dockerfile.node  (hadolint)	0.051	self_test breakage 3: python codec stops preserving trace-flags
check	docker/Dockerfile.python  (hadolint)	0.062	self_test breakage 3: python codec stops preserving trace-flags
check	docker/Dockerfile.ruby  (hadolint)	0.057	self_test breakage 3: python codec stops preserving trace-flags
check	docker/Dockerfile.rust  (hadolint)	0.061	self_test breakage 3: python codec stops preserving trace-flags
check	templates/compose/postgres/Dockerfile  (hadolint)	0.031	self_test breakage 3: python codec stops preserving trace-flags
phase	static: every Dockerfile runs non-root on a pinned base	0.519	self_test breakage 3: python codec stops preserving trace-flags
check	docker/Dockerfile.*  (non-root final stage, no :latest, no ADD)	0.032	self_test breakage 3: python codec stops preserving trace-flags
phase	static: each Dockerfile documents its own non-root guarantee	0.058	self_test breakage 3: python codec stops preserving trace-flags
check	docker/Dockerfile.*  (STRICTNESS NOTES state the non-root stage)	0.030	self_test breakage 3: python codec stops preserving trace-flags
phase	static: every language ships all four artifacts	0.057	self_test breakage 3: python codec stops preserving trace-flags
check	go  (Dockerfile + bin/prime present)	0.108	self_test breakage 3: python codec stops preserving trace-flags
check	ruby  (Dockerfile + bin/prime present)	0.030	self_test breakage 3: python codec stops preserving trace-flags
check	elixir  (Dockerfile + bin/prime present)	0.031	self_test breakage 3: python codec stops preserving trace-flags
check	python  (Dockerfile + bin/prime present)	0.030	self_test breakage 3: python codec stops preserving trace-flags
check	node  (Dockerfile + bin/prime present)	0.030	self_test breakage 3: python codec stops preserving trace-flags
check	bun  (Dockerfile + bin/prime present)	0.029	self_test breakage 3: python codec stops preserving trace-flags
check	rust  (Dockerfile + bin/prime present)	0.030	self_test breakage 3: python codec stops preserving trace-flags
check	templates/mise.toml  (a [tools] pin per language)	0.076	self_test breakage 3: python codec stops preserving trace-flags
phase	static: compose — the observability chokepoint	0.460	self_test breakage 3: python codec stops preserving trace-flags
check	templates/compose/otel-collector.yml  (redaction first, env endpoints, no URL)	0.063	self_test breakage 3: python codec stops preserving trace-flags
check	otel-collector allowlist vs core (core checkout not found — set KIT_CORE)	0.008	self_test breakage 3: python codec stops preserving trace-flags
check	otel-collector signals  (exceptions as logs, not span events)	0.062	self_test breakage 3: python codec stops preserving trace-flags
check	otel-collector degradation  (no queue, no retry, limiter first, health_check)	0.062	self_test breakage 3: python codec stops preserving trace-flags
check	templates/compose/docker-compose.yml  (pinned, healthy, parameterized)	0.063	self_test breakage 3: python codec stops preserving trace-flags
check	docker-compose.yml  (four AGPL backends, unmodified, pinned, bounded)	0.061	self_test breakage 3: python codec stops preserving trace-flags
check	docker-compose.yml  (host ports all in the 15000-15999 block, no reuse)	0.064	self_test breakage 3: python codec stops preserving trace-flags
check	compose + bin/dev  (telemetry is never in a readiness path)	0.063	self_test breakage 3: python codec stops preserving trace-flags
check	templates/otel/*/*.snippet  (cafaye endpoint, on by default, free no-op)	0.037	self_test breakage 3: python codec stops preserving trace-flags
check	grafana provisioning  (3 datasources, dashboards, alerting — all files)	0.047	self_test breakage 3: python codec stops preserving trace-flags
check	grafana dashboards  (status is the predicate, error.type is a drill-down)	0.033	self_test breakage 3: python codec stops preserving trace-flags
check	grafana panels  (every query names the backend that can answer it)	0.055	self_test breakage 3: python codec stops preserving trace-flags
check	otel-collector env  (every ${env:} reaches the container)	0.082	self_test breakage 3: python codec stops preserving trace-flags
check	templates/compose/.env.example  (every placeholder documented, no tenant named)	0.032	self_test breakage 3: python codec stops preserving trace-flags
check	templates/database/*  (the contract, in the generated output, per language)	0.034	self_test breakage 3: python codec stops preserving trace-flags
check	templates/database/tenancy/*  (the account boundary, in the templates that enforce it)	0.036	self_test breakage 3: python codec stops preserving trace-flags
check	DECISIONS.md  (exists, records trades, and every reference resolves)	0.075	self_test breakage 3: python codec stops preserving trace-flags
check	bin/dev  (every command the documentation promises is one the script dispatches)	0.063	self_test breakage 3: python codec stops preserving trace-flags
check	postgres tag  (.env.example and compose agree, and it is not alpine)	0.037	self_test breakage 3: python codec stops preserving trace-flags
check	the cluster  (one database + role per service, wired end to end)	0.032	self_test breakage 3: python codec stops preserving trace-flags
check	kit harnesses  (every .env-writing harness declares its own tenant)	0.081	self_test breakage 3: python codec stops preserving trace-flags
check	the connection budget  (max_connections covers the declared topology)	0.035	self_test breakage 3: python codec stops preserving trace-flags
phase	static: every database snippet parses in its own language	1.577	self_test breakage 3: python codec stops preserving trace-flags
check	database/go/database.go.snippet  (parses as .go)	0.084	self_test breakage 3: python codec stops preserving trace-flags
check	database/python/database.py.snippet  (parses as .py)	0.081	self_test breakage 3: python codec stops preserving trace-flags
check	database/ruby/database.yml.snippet  (parses as .yml)	0.070	self_test breakage 3: python codec stops preserving trace-flags
check	database/elixir/repo.exs.snippet  (loads; stdlib only, as intended)	0.361	self_test breakage 3: python codec stops preserving trace-flags
check	database/rust/database.rs.snippet  (parses; crates unresolved, as expected)	0.086	self_test breakage 3: python codec stops preserving trace-flags
check	database/node/database.ts.snippet  (parses as .ts)	0.083	self_test breakage 3: python codec stops preserving trace-flags
check	templates/bin/dev.sh  (KIT_DEV_PROFILES= escape hatch actually runs)	0.280	self_test breakage 3: python codec stops preserving trace-flags
phase	static: the fleet adopts the stack rather than copying it	1.132	self_test breakage 3: python codec stops preserving trace-flags
check	fleet adoption (no cafaye repository on this machine — set KIT_FLEET=<dir>)	0.105	self_test breakage 3: python codec stops preserving trace-flags
check	templates/compose/ + bin/dev  (every vendor config mounts from the fetched tree)	0.033	self_test breakage 3: python codec stops preserving trace-flags
check	templates/bin/dev.sh + .env.example  (the pin is kit.ref, and the gate reads the same file)	0.030	self_test breakage 3: python codec stops preserving trace-flags
phase	static: the core fan-out standard	0.214	self_test breakage 3: python codec stops preserving trace-flags
check	core/vendir/ + core/renovate/  (structurally what Renovate and vendir need)	0.052	self_test breakage 3: python codec stops preserving trace-flags
phase	static: no adopting repository carries a D12/D13 workaround	0.080	self_test breakage 3: python codec stops preserving trace-flags
check	adopting repositories  (no fleet beside this one — set KIT_FLEET)	0.024	self_test breakage 3: python codec stops preserving trace-flags
phase	static: every YAML in the tree is yamllint clean	0.031	self_test breakage 3: python codec stops preserving trace-flags
cpu	.github/zizmor.yml  (yamllint -c lint/yamllint.yml)	0.093	self_test breakage 3: python codec stops preserving trace-flags
cpu	.github/workflows/ci.yml  (yamllint -c lint/yamllint.yml)	0.103	self_test breakage 3: python codec stops preserving trace-flags
cpu	.github/workflows/image.reusable.yml  (yamllint -c lint/yamllint.yml)	0.109	self_test breakage 3: python codec stops preserving trace-flags
cpu	.github/workflows/ci.reusable.yml  (yamllint -c lint/yamllint.yml)	0.177	self_test breakage 3: python codec stops preserving trace-flags
cpu	core/release/release.yml  (yamllint -c lint/yamllint.yml)	0.090	self_test breakage 3: python codec stops preserving trace-flags
cpu	lint/golangci.yml  (yamllint -c lint/yamllint.yml)	0.092	self_test breakage 3: python codec stops preserving trace-flags
cpu	lint/hadolint.yaml  (yamllint -c lint/yamllint.yml)	0.099	self_test breakage 3: python codec stops preserving trace-flags
cpu	lint/rubocop.yml  (yamllint -c lint/yamllint.yml)	0.096	self_test breakage 3: python codec stops preserving trace-flags
cpu	lint/yamllint.yml  (yamllint -c lint/yamllint.yml)	0.095	self_test breakage 3: python codec stops preserving trace-flags
cpu	templates/compose/grafana/provisioning/dashboards/dashboards.yml  (yamllint -c lint/yamllint.yml)	0.102	self_test breakage 3: python codec stops preserving trace-flags
cpu	templates/compose/grafana/provisioning/alerting/rules.yml  (yamllint -c lint/yamllint.yml)	0.119	self_test breakage 3: python codec stops preserving trace-flags
cpu	templates/compose/docker-compose.yml  (yamllint -c lint/yamllint.yml)	0.136	self_test breakage 3: python codec stops preserving trace-flags
cpu	templates/compose/grafana/provisioning/datasources/datasources.yml  (yamllint -c lint/yamllint.yml)	0.108	self_test breakage 3: python codec stops preserving trace-flags
cpu	templates/compose/mimir/mimir.yaml  (yamllint -c lint/yamllint.yml)	0.101	self_test breakage 3: python codec stops preserving trace-flags
cpu	templates/compose/loki/loki-config.yaml  (yamllint -c lint/yamllint.yml)	0.107	self_test breakage 3: python codec stops preserving trace-flags
cpu	templates/compose/otel-collector.yml  (yamllint -c lint/yamllint.yml)	0.166	self_test breakage 3: python codec stops preserving trace-flags
cpu	templates/compose/tempo/tempo.yaml  (yamllint -c lint/yamllint.yml)	0.122	self_test breakage 3: python codec stops preserving trace-flags
cpu	templates/deploy/reference/courier.deploy.yml  (yamllint -c lint/yamllint.yml)	0.104	self_test breakage 3: python codec stops preserving trace-flags
cpu	templates/deploy/compose.deploy.yml  (yamllint -c lint/yamllint.yml)	0.108	self_test breakage 3: python codec stops preserving trace-flags
check	core/vendir/vendir.yml.template  (yamllint -c lint/yamllint.yml, under a non-.yml name)	0.082	self_test breakage 3: python codec stops preserving trace-flags
check	core/vendir/vendir.yml.muse  (yamllint -c lint/yamllint.yml, under a non-.yml name)	0.079	self_test breakage 3: python codec stops preserving trace-flags
check	core/vendir/vendir.yml.pantry  (yamllint -c lint/yamllint.yml, under a non-.yml name)	0.080	self_test breakage 3: python codec stops preserving trace-flags
check	core/vendir/vendir.yml.caf  (yamllint -c lint/yamllint.yml, under a non-.yml name)	0.087	self_test breakage 3: python codec stops preserving trace-flags
check	.github/workflows/ci.reusable.yml  (opt-in telemetry job, defaults intact)	0.081	self_test breakage 3: python codec stops preserving trace-flags
phase	static: every language declares a tier, and says how it is collected	1.367	self_test breakage 3: python codec stops preserving trace-flags
check	templates/tier/<lang>/  (a declared tier, and a README row naming the collector)	0.102	self_test breakage 3: python codec stops preserving trace-flags
check	.github/workflows/ci.reusable.yml  (required-tier is declared, demanded by every language job, and identical)	0.080	self_test breakage 3: python codec stops preserving trace-flags
phase	static: lint runs from kit, not from a copy	0.227	self_test breakage 3: python codec stops preserving trace-flags
check	lint/ + the workflow  (every lint step is a gate on kit config)	0.084	self_test breakage 3: python codec stops preserving trace-flags
check	the seam  (narrow, guarded before the linter, and wired to it)	0.078	self_test breakage 3: python codec stops preserving trace-flags
check	lint drift  (a service config is compared to kit, not merely forbidden)	0.052	self_test breakage 3: python codec stops preserving trace-flags
check	templates/tier/skip-allowlist  (reason, owner, since, until; unused entries fail)	0.033	self_test breakage 3: python codec stops preserving trace-flags
check	templates/parity-allowlist  (reason, owner, since, until; dead entries fail)	0.034	self_test breakage 3: python codec stops preserving trace-flags
check	tests/artifacts.json  (every declared source exists, for every language)	0.124	self_test breakage 3: python codec stops preserving trace-flags
check	tests/classify.py + tests/staleness.py  (stdlib only; the carve-out, enforced)	0.050	self_test breakage 3: python codec stops preserving trace-flags
check	.github/workflows/*  (no test report is ever cached)	0.035	self_test breakage 3: python codec stops preserving trace-flags
check	.github/workflows/ci.reusable.yml  (secrets job: not advisory, full history, not opt-in)	0.079	self_test breakage 3: python codec stops preserving trace-flags
check	README.md  (documents every new template)	0.033	self_test breakage 3: python codec stops preserving trace-flags
check	LICENSE  (MIT, and nothing in the tree can disagree with it)	0.033	self_test breakage 3: python codec stops preserving trace-flags
check	README.md  (its documented callers match the workflow inputs)	0.088	self_test breakage 3: python codec stops preserving trace-flags
check	reusable workflows  (callable: exists, on: workflow_call, docs agree)	0.185	self_test breakage 3: python codec stops preserving trace-flags
check	reusable workflows  (workflow_call inputs use only documented keys)	0.080	self_test breakage 3: python codec stops preserving trace-flags
phase	static: secrets — the scanner is present, configured, and can fail	1.290	self_test breakage 3: python codec stops preserving trace-flags
check	.gitleaks.toml  (allowlist only, every entry reasoned)	0.032	self_test breakage 3: python codec stops preserving trace-flags
check	no .gitleaksignore  (the allowlist is the committed config)	0.032	self_test breakage 3: python codec stops preserving trace-flags
check	tests/gitleaks_gate.sh  (finds a real secret, never prints it, reads history)	1.086	self_test breakage 3: python codec stops preserving trace-flags
check	.github/workflows/*  (no dangerous trigger, on parsed keys)	0.087	self_test breakage 3: python codec stops preserving trace-flags
check	.github/zizmor.yml  (unpinned-uses recorded, never baselined)	0.043	self_test breakage 3: python codec stops preserving trace-flags
check	.github/zizmor.yml  (every ignore entry carries a reason)	0.031	self_test breakage 3: python codec stops preserving trace-flags
check	gitleaks  (8.30.1, full history, --redact)	0.459	self_test breakage 3: python codec stops preserving trace-flags
phase	static: the canary harness — contract, adapter, and every artifact	1.902	self_test breakage 3: python codec stops preserving trace-flags
check	templates/secrets  (contract names all five vectors, states its limits)	0.032	self_test breakage 3: python codec stops preserving trace-flags
check	the canary  (never committed as a literal, anywhere)	0.047	self_test breakage 3: python codec stops preserving trace-flags
check	the canary  (unmistakably fake: prefixed, low-entropy, self-describing)	0.032	self_test breakage 3: python codec stops preserving trace-flags
check	the canary suite  (never prints the value it planted)	0.892	self_test breakage 3: python codec stops preserving trace-flags
phase	20 telemetry: the six traceparent suites, executed	1.087	self_test breakage 3: python codec stops preserving trace-flags
check	templates/otel/go/*.go  (gofmt clean)	0.040	self_test breakage 3: python codec stops preserving trace-flags
check	templates/tier/go/*.go  (gofmt clean)	0.033	self_test breakage 3: python codec stops preserving trace-flags
phase	telemetry: W3C traceparent propagation, executed	0.095	self_test breakage 3: python codec stops preserving trace-flags
check	templates/otel/python  (python3 test suite)	0.069	self_test breakage 3: python codec stops preserving trace-flags
phase	telemetry: runtime credential-leak canary, executed	0.098	self_test breakage 3: python codec stops preserving trace-flags
check	templates/secrets/go/*.go  (gofmt clean)	0.046	self_test breakage 3: python codec stops preserving trace-flags
check	templates/secrets/go  (five vectors, each with a red proof)	0.501	self_test breakage 3: python codec stops preserving trace-flags
phase	30 observability: the claims worth nothing unexercised	0.576	self_test breakage 3: python codec stops preserving trace-flags
phase	observability: the redaction boundary, against a real collector	0.007	self_test breakage 3: python codec stops preserving trace-flags
tier	tests/canary_test.sh  (a canary secret reaches no exporter)	18.506	self_test breakage 3: python codec stops preserving trace-flags
tier	tests/no_telemetry_in_readiness.sh  (collector killed, service still serves)	62.609	self_test breakage 3: python codec stops preserving trace-flags
tier	tests/stack_live_test.sh  (the fetched stack runs; a trace and a metric land)	15.754	self_test breakage 3: python codec stops preserving trace-flags
